date,time,mq2_adc,mq2_rs,mq2_ratio,mq2_ppm,mq2_delta,mq135_adc,mq135_rs,mq135_ratio,mq135_ppm,mq135_delta,mq7_adc,mq7_rs,mq7_ratio,mq7_ppm,mq7_delta,label
2026-04-06,23:38:36,378,196666.67,7.63,0.02,,1535,33355.05,3.15,0.13,,273,280000.0,10.15,0.01,,3
2026-04-06,23:38:38,367,203160.77,7.88,0.02,,1527,33634.58,3.18,0.13,,272,281102.94,10.19,0.01,,3
2026-04-06,23:38:40,357,209411.77,8.13,0.02,,1515,34059.41,3.22,0.12,,269,284460.97,10.31,0.01,,3
2026-04-06,23:38:42,375,198399.98,7.7,0.02,,1526,33669.72,3.18,0.13,,273,280000.0,10.15,0.01,,3
2026-04-06,23:38:44,351,213333.33,8.28,0.02,,1503,34491.02,3.26,0.12,,272,281102.94,10.19,0.01,,3
2026-04-06,23:38:46,372,200161.3,7.77,0.02,,1529,33564.42,3.17,0.13,,269,284460.97,10.31,0.01,,3
2026-04-06,23:38:48,353,212011.33,8.23,0.02,,1498,34672.89,3.28,0.12,,262,292595.41,10.61,0.01,,3
2026-04-06,23:38:50,368,202554.36,7.86,0.02,,1515,34059.41,3.22,0.12,,272,281102.94,10.19,0.01,,3
2026-04-06,23:38:52,358,208770.95,8.1,0.02,,1502,34527.3,3.26,0.12,,272,281102.94,10.19,0.01,,3
2026-04-06,23:38:54,383,193838.12,7.52,0.02,,1510,34238.41,3.24,0.12,,281,271459.09,9.84,0.01,,3
2026-04-06,23:38:56,368,202554.36,7.86,0.02,,1495,34782.61,3.29,0.12,,275,277818.19,10.07,0.01,,3
2026-04-06,23:38:58,380,195526.31,7.59,0.02,,1511,34202.52,3.23,0.12,,270,283333.34,10.27,0.01,,3
2026-04-06,23:39:00,368,202554.36,7.86,0.02,,1505,34418.61,3.25,0.12,,272,281102.94,10.19,0.01,,3
2026-04-06,23:39:02,355,210704.22,8.18,0.02,,1495,34782.61,3.29,0.12,,273,280000.0,10.15,0.01,,3
2026-04-06,23:39:04,370,201351.34,7.81,0.02,,1498,34672.89,3.28,0.12,,269,284460.97,10.31,0.01,,3
2026-04-06,23:39:06,362,206243.09,8.0,0.02,,1507,34346.38,3.25,0.12,,274,278905.13,10.11,0.01,,3
2026-04-06,23:39:08,372,200161.3,7.77,0.02,,1526,33669.72,3.18,0.13,,267,286741.56,10.4,0.01,,3
2026-04-06,23:39:10,371,200754.72,7.79,0.02,,1502,34527.3,3.26,0.12,,263,291406.84,10.56,0.01,,3
2026-04-06,23:39:12,372,200161.3,7.77,0.02,,1521,33846.15,3.2,0.12,,262,292595.41,10.61,0.01,,3
2026-04-06,23:39:14,368,202554.36,7.86,0.02,,1514,34095.11,3.22,0.12,,260,295000.0,10.69,0.01,,3
2026-04-06,23:39:16,354,211355.94,8.2,0.02,,1509,34274.36,3.24,0.12,,265,289056.59,10.48,0.01,,3
2026-04-06,23:39:18,369,201951.23,7.84,0.02,,1501,34563.62,3.27,0.12,,269,284460.97,10.31,0.01,,3
2026-04-06,23:39:20,369,201951.23,7.84,0.02,,1516,34023.75,3.22,0.12,,266,287894.75,10.44,0.01,,3
2026-04-06,23:39:22,370,201351.34,7.81,0.02,,1497,34709.42,3.28,0.12,,258,297441.88,10.78,0.01,,3
2026-04-06,23:39:24,378,196666.67,7.63,0.02,,1519,33917.05,3.21,0.12,,258,297441.88,10.78,0.01,,3
2026-04-06,23:39:26,346,216705.2,8.41,0.02,,1489,35003.36,3.31,0.12,,255,301176.47,10.92,0.01,,3
2026-04-06,23:39:28,359,208133.72,8.08,0.02,,1510,34238.41,3.24,0.12,,261,293793.09,10.65,0.01,,3
2026-04-06,23:39:30,369,201951.23,7.84,0.02,,1498,34672.89,3.28,0.12,,253,303715.41,11.01,0.01,,3
2026-04-06,23:39:32,358,208770.95,8.1,0.02,,1483,35225.89,3.33,0.11,,262,292595.41,10.61,0.01,,3
2026-04-06,23:39:34,370,201351.34,7.81,0.02,,1490,34966.45,3.3,0.12,,256,299921.87,10.87,0.01,,3
2026-04-06,23:39:36,369,201951.23,7.84,0.02,,1496,34745.99,3.28,0.12,,258,297441.88,10.78,0.01,,3
2026-04-06,23:39:38,355,210704.22,8.18,0.02,,1499,34636.42,3.27,0.12,,257,298677.03,10.83,0.01,,3
2026-04-06,23:39:40,355,210704.22,8.18,0.02,,1504,34454.79,3.26,0.12,,251,306294.81,11.1,0.01,,3
2026-04-06,23:39:42,378,196666.67,7.63,0.02,,1514,34095.11,3.22,0.12,,269,284460.97,10.31,0.01,,3
2026-04-06,23:39:44,354,211355.94,8.2,0.02,,1508,34310.34,3.24,0.12,,267,286741.56,10.4,0.01,,3
2026-04-06,23:39:46,371,200754.72,7.79,0.02,,1515,34059.41,3.22,0.12,,267,286741.56,10.4,0.01,,3
2026-04-06,23:39:48,370,201351.34,7.81,0.02,,1502,34527.3,3.26,0.12,,268,285597.03,10.35,0.01,,3
2026-04-06,23:39:50,378,196666.67,7.63,0.02,,1520,33881.58,3.2,0.12,,272,281102.94,10.19,0.01,,3
2026-04-06,23:39:52,368,202554.36,7.86,0.02,,1502,34527.3,3.26,0.12,,267,286741.56,10.4,0.01,,3
2026-04-06,23:39:54,366,203770.48,7.91,0.02,,1516,34023.75,3.22,0.12,,272,281102.94,10.19,0.01,,3
2026-04-06,23:39:56,368,202554.36,7.86,0.02,,1494,34819.28,3.29,0.12,,259,296216.22,10.74,0.01,,3
2026-04-06,23:39:58,368,202554.36,7.86,0.02,,1523,33775.44,3.19,0.13,,272,281102.94,10.19,0.01,,3
2026-04-06,23:40:00,361,206869.8,8.03,0.02,,1494,34819.28,3.29,0.12,,266,287894.75,10.44,0.01,,3
2026-04-06,23:40:02,374,198983.97,7.72,0.02,,1523,33775.44,3.19,0.13,,272,281102.94,10.19,0.01,,3
2026-04-06,23:40:04,361,206869.8,8.03,0.02,,1499,34636.42,3.27,0.12,,272,281102.94,10.19,0.01,,3
2026-04-06,23:40:06,366,203770.48,7.91,0.02,,1511,34202.52,3.23,0.12,,256,299921.87,10.87,0.01,,3
2026-04-06,23:40:08,357,209411.77,8.13,0.02,,1506,34382.47,3.25,0.12,,261,293793.09,10.65,0.01,,3
2026-04-06,23:40:10,362,206243.09,8.0,0.02,,1493,34856.0,3.29,0.12,,272,281102.94,10.19,0.01,,3
2026-04-06,23:40:12,374,198983.97,7.72,0.02,,1503,34491.02,3.26,0.12,,270,283333.34,10.27,0.01,,3
2026-04-06,23:40:14,375,198399.98,7.7,0.02,,1497,34709.42,3.28,0.12,,266,287894.75,10.44,0.01,,3
2026-04-06,23:40:16,381,194960.63,7.57,0.02,,1520,33881.58,3.2,0.12,,259,296216.22,10.74,0.01,,3
2026-04-06,23:40:18,363,205619.84,7.98,0.02,,1505,34418.61,3.25,0.12,,256,299921.87,10.87,0.01,,3
2026-04-06,23:40:20,357,209411.77,8.13,0.02,,1506,34382.47,3.25,0.12,,263,291406.84,10.56,0.01,,3
2026-04-06,23:40:22,352,212670.45,8.25,0.02,,1499,34636.42,3.27,0.12,,255,301176.47,10.92,0.01,,3
2026-04-06,23:40:24,366,203770.48,7.91,0.02,,1504,34454.79,3.26,0.12,,256,299921.87,10.87,0.01,,3
2026-04-06,23:40:26,346,216705.2,8.41,0.02,,1488,35040.32,3.31,0.12,,247,311578.94,11.3,0.01,,3
2026-04-06,23:40:28,368,202554.36,7.86,0.02,,1511,34202.52,3.23,0.12,,259,296216.22,10.74,0.01,,3
2026-04-06,23:40:30,368,202554.36,7.86,0.02,,1481,35300.47,3.34,0.11,,254,302440.97,10.96,0.01,,3
2026-04-06,23:40:32,351,213333.33,8.28,0.02,,1506,34382.47,3.25,0.12,,265,289056.59,10.48,0.01,,3
2026-04-06,23:40:34,361,206869.8,8.03,0.02,,1476,35487.81,3.35,0.11,,250,307600.0,11.15,0.01,,3
2026-04-06,23:40:36,361,206869.8,8.03,0.02,,1508,34310.34,3.24,0.12,,252,305000.0,11.06,0.01,,3
2026-04-06,23:40:38,351,213333.33,8.28,0.02,,1479,35375.25,3.34,0.11,,241,319834.03,11.59,0.01,,3
2026-04-06,23:40:40,366,203770.48,7.91,0.02,,1488,35040.32,3.31,0.12,,247,311578.94,11.3,0.01,,3
2026-04-06,23:40:42,365,204383.55,7.93,0.02,,1486,35114.4,3.32,0.12,,243,317037.03,11.49,0.01,,3
2026-04-06,23:40:44,364,205000.02,7.95,0.02,,1509,34274.36,3.24,0.12,,253,303715.41,11.01,0.01,,3
2026-04-06,23:40:46,381,194960.63,7.57,0.02,,1509,34274.36,3.24,0.12,,258,297441.88,10.78,0.01,,3
2026-04-06,23:40:48,368,202554.36,7.86,0.02,,1510,34238.41,3.24,0.12,,261,293793.09,10.65,0.01,,3
2026-04-06,23:40:50,372,200161.3,7.77,0.02,,1510,34238.41,3.24,0.12,,264,290227.28,10.52,0.01,,3
2026-04-06,23:40:52,372,200161.3,7.77,0.02,,1515,34059.41,3.22,0.12,,258,297441.88,10.78,0.01,,3
2026-04-06,23:40:54,383,193838.12,7.52,0.02,,1523,33775.44,3.19,0.13,,257,298677.03,10.83,0.01,,3
2026-04-06,23:40:56,383,193838.12,7.52,0.02,,1535,33355.05,3.15,0.13,,264,290227.28,10.52,0.01,,3
2026-04-06,23:40:58,375,198399.98,7.7,0.02,,1524,33740.16,3.19,0.13,,263,291406.84,10.56,0.01,,3
2026-04-06,23:41:00,383,193838.12,7.52,0.02,,1535,33355.05,3.15,0.13,,255,301176.47,10.92,0.01,,3
2026-04-06,23:41:02,373,199571.05,7.74,0.02,,1522,33810.77,3.2,0.12,,258,297441.88,10.78,0.01,,3
2026-04-06,23:41:04,358,208770.95,8.1,0.02,,1515,34059.41,3.22,0.12,,243,317037.03,11.49,0.01,,3
2026-04-06,23:41:06,362,206243.09,8.0,0.02,,1526,33669.72,3.18,0.13,,251,306294.81,11.1,0.01,,3
2026-04-06,23:41:08,378,196666.67,7.63,0.02,,1510,34238.41,3.24,0.12,,248,310241.94,11.25,0.01,,3
2026-04-06,23:41:10,368,202554.36,7.86,0.02,,1511,34202.52,3.23,0.12,,256,299921.87,10.87,0.01,,3
2026-04-06,23:41:12,373,199571.05,7.74,0.02,,1518,33952.57,3.21,0.12,,243,317037.03,11.49,0.01,,3
2026-04-06,23:41:14,358,208770.95,8.1,0.02,,1501,34563.62,3.27,0.12,,256,299921.87,10.87,0.01,,3
2026-04-06,23:41:16,370,201351.34,7.81,0.02,,1508,34310.34,3.24,0.12,,257,298677.03,10.83,0.01,,3
2026-04-06,23:41:18,374,198983.97,7.72,0.02,,1520,33881.58,3.2,0.12,,253,303715.41,11.01,0.01,,3
2026-04-06,23:41:20,369,201951.23,7.84,0.02,,1535,33355.05,3.15,0.13,,263,291406.84,10.56,0.01,,3
2026-04-06,23:41:22,387,191627.91,7.44,0.02,,1521,33846.15,3.2,0.12,,263,291406.84,10.56,0.01,,3
2026-04-06,23:41:24,373,199571.05,7.74,0.02,,1535,33355.05,3.15,0.13,,263,291406.84,10.56,0.01,,3
2026-04-06,23:41:26,393,188396.95,7.31,0.02,,1525,33704.92,3.19,0.13,,261,293793.09,10.65,0.01,,3
2026-04-06,23:41:28,394,187868.03,7.29,0.02,,1535,33355.05,3.15,0.13,,265,289056.59,10.48,0.01,,3
2026-04-06,23:41:30,397,186297.23,7.23,0.02,,1525,33704.92,3.19,0.13,,263,291406.84,10.56,0.01,,3
2026-04-06,23:41:32,396,186818.17,7.25,0.02,,1535,33355.05,3.15,0.13,,272,281102.94,10.19,0.01,,3
2026-04-06,23:41:34,378,196666.67,7.63,0.02,,1535,33355.05,3.15,0.13,,256,299921.87,10.87,0.01,,3
2026-04-06,23:41:36,381,194960.63,7.57,0.02,,1563,32399.23,3.06,0.14,,269,284460.97,10.31,0.01,,3
2026-04-06,23:41:38,387,191627.91,7.44,0.02,,1535,33355.05,3.15,0.13,,256,299921.87,10.87,0.01,,3
2026-04-06,23:41:40,368,202554.36,7.86,0.02,,1535,33355.05,3.15,0.13,,265,289056.59,10.48,0.01,,3
2026-04-06,23:41:42,374,198983.97,7.72,0.02,,1526,33669.72,3.18,0.13,,255,301176.47,10.92,0.01,,3
2026-04-06,23:41:44,388,191082.48,7.41,0.02,,1526,33669.72,3.18,0.13,,255,301176.47,10.92,0.01,,3
2026-04-06,23:41:46,371,200754.72,7.79,0.02,,1535,33355.05,3.15,0.13,,259,296216.22,10.74,0.01,,3
2026-04-06,23:41:48,386,192176.16,7.46,0.02,,1646,29756.99,2.81,0.16,,273,280000.0,10.15,0.01,,3
2026-04-06,23:41:50,402,183731.34,7.13,0.02,,1664,29218.75,2.76,0.17,,289,263391.0,9.55,0.01,,3
2026-04-06,23:41:52,401,184239.41,7.15,0.02,,1635,30091.74,2.84,0.16,,275,277818.19,10.07,0.01,,3
2026-04-06,23:41:54,416,176875.0,6.86,0.02,,1633,30153.09,2.85,0.16,,276,276739.12,10.03,0.01,,3
2026-04-06,23:41:56,419,175465.41,6.81,0.02,,1614,30743.5,2.91,0.15,,273,280000.0,10.15,0.01,,3
2026-04-06,23:41:58,429,170909.09,6.63,0.03,,1647,29726.78,2.81,0.16,,275,277818.19,10.07,0.01,,4
2026-04-06,23:42:00,417,176402.87,6.85,0.02,,1616,30680.7,2.9,0.15,,278,274604.31,9.96,0.01,,4
2026-04-06,23:42:02,420,175000.0,6.79,0.03,,1655,29486.41,2.79,0.17,,278,274604.31,9.96,0.01,,4
2026-04-06,23:42:04,401,184239.41,7.15,0.02,,1642,29878.2,2.82,0.16,,275,277818.19,10.07,0.01,,4
2026-04-06,23:42:06,403,183225.81,7.11,0.02,,1642,29878.2,2.82,0.16,,278,274604.31,9.96,0.01,,4
2026-04-06,23:42:08,400,184750.0,7.17,0.02,,1644,29817.52,2.82,0.16,,266,287894.75,10.44,0.01,,4
2026-04-06,23:42:10,414,177826.09,6.9,0.02,,1563,32399.23,3.06,0.14,,272,281102.94,10.19,0.01,,4
2026-04-06,23:42:12,393,188396.95,7.31,0.02,,1568,32232.14,3.05,0.14,,267,286741.56,10.4,0.01,,4
2026-04-06,23:42:14,393,188396.95,7.31,0.02,,1572,32099.24,3.03,0.14,,268,285597.03,10.35,0.01,,4
2026-04-06,23:42:34,409,180244.5,6.99,0.02,6.99,1637,30030.54,2.84,0.16,2.84,286,266363.66,9.66,0.01,9.66,0
2026-04-06,23:42:35,408,180735.3,7.01,0.02,0.02,1626,30369.0,2.87,0.16,0.03,291,261443.31,9.48,0.01,-0.18,0
2026-04-06,23:42:37,410,179756.09,6.98,0.02,-0.04,1666,29159.66,2.76,0.17,-0.11,281,271459.09,9.84,0.01,0.36,0
2026-04-06,23:42:39,397,186297.23,7.23,0.02,0.25,1614,30743.5,2.91,0.15,0.15,287,265365.84,9.62,0.01,-0.22,0
2026-04-06,23:42:41,393,188396.95,7.31,0.02,0.08,1622,30493.22,2.88,0.16,-0.02,287,265365.84,9.62,0.01,0.0,4
2026-04-06,23:42:43,399,185263.17,7.19,0.02,-0.12,1582,31769.91,3.0,0.14,0.12,286,266363.66,9.66,0.01,0.04,4
2026-04-06,23:42:45,402,183731.34,7.13,0.02,-0.06,1619,30586.78,2.89,0.15,-0.11,285,267368.41,9.69,0.01,0.04,4
2026-04-06,23:42:47,398,185778.91,7.21,0.02,0.08,1601,31155.53,2.94,0.15,0.05,284,268380.28,9.73,0.01,0.04,4
2026-04-06,23:42:49,399,185263.17,7.19,0.02,-0.02,1604,31059.85,2.94,0.15,-0.01,289,263391.0,9.55,0.01,-0.18,4
2026-04-06,23:42:51,404,182722.78,7.09,0.02,-0.1,1602,31123.59,2.94,0.15,0.01,293,259522.19,9.41,0.01,-0.14,4
2026-04-06,23:42:53,396,186818.17,7.25,0.02,0.16,1615,30712.08,2.9,0.15,-0.04,294,258571.42,9.37,0.01,-0.03,4
2026-04-06,23:42:55,398,185778.91,7.21,0.02,-0.04,1611,30837.99,2.91,0.15,0.01,296,256689.19,9.31,0.01,-0.07,4
2026-04-06,23:42:57,401,184239.41,7.15,0.02,-0.06,1617,30649.35,2.9,0.15,-0.02,295,257627.13,9.34,0.01,0.03,4
2026-04-06,23:42:59,401,184239.41,7.15,0.02,0.0,1621,30524.37,2.88,0.16,-0.01,289,263391.0,9.55,0.01,0.21,4
2026-04-06,23:43:01,393,188396.95,7.31,0.02,0.16,1623,30462.11,2.88,0.16,-0.01,287,265365.84,9.62,0.01,0.07,4
2026-04-06,23:43:03,384,193281.27,7.5,0.02,0.19,1611,30837.99,2.91,0.15,0.04,274,278905.13,10.11,0.01,0.49,4
2026-04-06,23:43:05,383,193838.12,7.52,0.02,0.02,1610,30869.57,2.92,0.15,0.0,272,281102.94,10.19,0.01,0.08,4
2026-04-06,23:43:07,383,193838.12,7.52,0.02,0.0,1580,31835.44,3.01,0.14,0.09,271,282214.03,10.23,0.01,0.04,4
2026-04-06,23:43:09,392,188928.58,7.33,0.02,-0.19,1576,31967.01,3.02,0.14,0.01,274,278905.13,10.11,0.01,-0.12,4
2026-04-06,23:43:11,388,191082.48,7.41,0.02,0.08,1591,31477.06,2.97,0.15,-0.05,268,285597.03,10.35,0.01,0.24,4
2026-04-06,23:43:13,399,185263.17,7.19,0.02,-0.23,1578,31901.14,3.01,0.14,0.04,272,281102.94,10.19,0.01,-0.16,4
2026-04-06,23:43:15,384,193281.27,7.5,0.02,0.31,1593,31412.43,2.97,0.15,-0.05,281,271459.09,9.84,0.01,-0.35,4
2026-04-06,23:43:17,391,189462.91,7.35,0.02,-0.15,1583,31737.21,3.0,0.14,0.03,284,268380.28,9.73,0.01,-0.11,4
2026-04-06,23:43:19,387,191627.91,7.44,0.02,0.08,1599,31219.51,2.95,0.15,-0.05,275,277818.19,10.07,0.01,0.34,4
2026-04-06,23:43:21,394,187868.03,7.29,0.02,-0.15,1588,31574.31,2.98,0.14,0.03,280,272500.0,9.88,0.01,-0.19,4
2026-04-06,23:43:23,391,189462.91,7.35,0.02,0.06,1600,31187.5,2.95,0.15,-0.04,281,271459.09,9.84,0.01,-0.04,4
2026-04-06,23:43:25,403,183225.81,7.11,0.02,-0.24,1594,31380.18,2.97,0.15,0.02,277,275667.87,9.99,0.01,0.15,3
2026-04-06,23:43:27,406,181724.14,7.05,0.02,-0.06,1601,31155.53,2.94,0.15,-0.02,278,274604.31,9.96,0.01,-0.04,3
2026-04-06,23:43:29,400,184750.0,7.17,0.02,0.12,1575,32000.0,3.02,0.14,0.08,277,275667.87,9.99,0.01,0.04,3
2026-04-06,23:43:31,403,183225.81,7.11,0.02,-0.06,1587,31606.8,2.99,0.14,-0.04,271,282214.03,10.23,0.01,0.24,3
2026-04-06,23:43:33,402,183731.34,7.13,0.02,0.02,1581,31802.65,3.01,0.14,0.02,269,284460.97,10.31,0.01,0.08,3
2026-04-06,23:43:35,405,182222.22,7.07,0.02,-0.06,1586,31639.34,2.99,0.14,-0.02,271,282214.03,10.23,0.01,-0.08,3
2026-04-06,23:43:37,412,178786.41,6.94,0.02,-0.13,1584,31704.54,3.0,0.14,0.01,262,292595.41,10.61,0.01,0.38,3
2026-04-06,23:43:39,404,182722.78,7.09,0.02,0.15,1578,31901.14,3.01,0.14,0.02,259,296216.22,10.74,0.01,0.13,3
2026-04-06,23:43:41,408,180735.3,7.01,0.02,-0.08,1574,32033.04,3.03,0.14,0.01,254,302440.97,10.96,0.01,0.23,3
2026-04-06,23:43:43,396,186818.17,7.25,0.02,0.24,1544,33044.04,3.12,0.13,0.1,249,308915.69,11.2,0.01,0.23,3
2026-04-06,23:43:45,389,190539.86,7.39,0.02,0.14,1540,33181.82,3.14,0.13,0.01,243,317037.03,11.49,0.01,0.29,3
2026-04-06,23:43:47,398,185778.91,7.21,0.02,-0.18,1531,33494.45,3.17,0.13,0.03,250,307600.0,11.15,0.01,-0.34,3
2026-04-06,23:43:49,389,190539.86,7.39,0.02,0.18,1552,32770.62,3.1,0.13,-0.07,255,301176.47,10.92,0.01,-0.23,3
2026-04-06,23:43:51,396,186818.17,7.25,0.02,-0.14,1537,33285.62,3.15,0.13,0.05,266,287894.75,10.44,0.01,-0.48,3
2026-04-06,23:43:53,399,185263.17,7.19,0.02,-0.06,1552,32770.62,3.1,0.13,-0.05,263,291406.84,10.56,0.01,0.13,3
2026-04-06,23:43:55,404,182722.78,7.09,0.02,-0.1,1553,32736.64,3.09,0.13,-0.0,266,287894.75,10.44,0.01,-0.13,3
2026-04-06,23:43:57,397,186297.23,7.23,0.02,0.14,1553,32736.64,3.09,0.13,0.0,259,296216.22,10.74,0.01,0.3,3
2026-04-06,23:43:59,396,186818.17,7.25,0.02,0.02,1540,33181.82,3.14,0.13,0.04,258,297441.88,10.78,0.01,0.04,3
2026-04-06,23:44:01,396,186818.17,7.25,0.02,0.0,1542,33112.84,3.13,0.13,-0.01,256,299921.87,10.87,0.01,0.09,3
2026-04-06,23:44:03,391,189462.91,7.35,0.02,0.1,1537,33285.62,3.15,0.13,0.02,252,305000.0,11.06,0.01,0.18,3
2026-04-06,23:44:05,392,188928.58,7.33,0.02,-0.02,1531,33494.45,3.17,0.13,0.02,256,299921.87,10.87,0.01,-0.18,3
2026-04-06,23:44:07,383,193838.12,7.52,0.02,0.19,1532,33459.53,3.16,0.13,-0.0,251,306294.81,11.1,0.01,0.23,3
2026-04-06,23:44:09,382,194397.91,7.54,0.02,0.02,1525,33704.92,3.19,0.13,0.02,252,305000.0,11.06,0.01,-0.05,3
2026-04-06,23:44:11,388,191082.48,7.41,0.02,-0.13,1543,33078.42,3.13,0.13,-0.06,246,312926.84,11.34,0.01,0.29,3
2026-04-06,23:44:13,386,192176.16,7.46,0.02,0.04,1529,33564.42,3.17,0.13,0.05,257,298677.03,10.83,0.01,-0.52,3
2026-04-06,23:44:15,382,194397.91,7.54,0.02,0.09,1549,32872.82,3.11,0.13,-0.07,264,290227.28,10.52,0.01,-0.31,3
2026-04-06,23:44:17,391,189462.91,7.35,0.02,-0.19,1543,33078.42,3.13,0.13,0.02,276,276739.12,10.03,0.01,-0.49,3
2026-04-06,23:44:19,381,194960.63,7.57,0.02,0.21,1565,32332.27,3.06,0.14,-0.07,272,281102.94,10.19,0.01,0.16,3
2026-04-06,23:44:21,388,191082.48,7.41,0.02,-0.15,1545,33009.71,3.12,0.13,0.06,271,282214.03,10.23,0.01,0.04,3
2026-04-06,23:44:23,387,191627.91,7.44,0.02,0.02,1563,32399.23,3.06,0.14,-0.06,265,289056.59,10.48,0.01,0.25,3
2026-04-06,23:44:25,387,191627.91,7.44,0.02,0.0,1543,33078.42,3.13,0.13,0.06,270,283333.34,10.27,0.01,-0.21,3
2026-04-06,23:44:27,379,196095.0,7.61,0.02,0.17,1553,32736.64,3.09,0.13,-0.03,269,284460.97,10.31,0.01,0.04,3
2026-04-06,23:44:29,387,191627.91,7.44,0.02,-0.17,1546,32975.42,3.12,0.13,0.02,267,286741.56,10.4,0.01,0.08,3
2026-04-06,23:44:31,378,196666.67,7.63,0.02,0.2,1553,32736.64,3.09,0.13,-0.02,267,286741.56,10.4,0.01,0.0,3
2026-04-06,23:44:33,385,192727.27,7.48,0.02,-0.15,1556,32634.96,3.08,0.13,-0.01,269,284460.97,10.31,0.01,-0.08,3
2026-04-06,23:44:35,389,190539.86,7.39,0.02,-0.08,1562,32432.78,3.06,0.14,-0.02,272,281102.94,10.19,0.01,-0.12,3
2026-04-06,23:44:37,386,192176.16,7.46,0.02,0.06,1570,32165.61,3.04,0.14,-0.03,268,285597.03,10.35,0.01,0.16,3
2026-04-06,23:44:39,391,189462.91,7.35,0.02,-0.11,1565,32332.27,3.06,0.14,0.02,270,283333.34,10.27,0.01,-0.08,3
2026-04-06,23:44:41,384,193281.27,7.5,0.02,0.15,1571,32132.4,3.04,0.14,-0.02,267,286741.56,10.4,0.01,0.12,3
2026-04-06,23:44:43,380,195526.31,7.59,0.02,0.09,1552,32770.62,3.1,0.13,0.06,263,291406.84,10.56,0.01,0.17,3
2026-04-06,23:44:45,379,196095.0,7.61,0.02,0.02,1559,32533.67,3.07,0.14,-0.02,257,298677.03,10.83,0.01,0.26,3
2026-04-06,23:44:47,372,200161.3,7.77,0.02,0.16,1541,33147.3,3.13,0.13,0.06,258,297441.88,10.78,0.01,-0.04,3
2026-04-06,23:44:49,378,196666.67,7.63,0.02,-0.14,1555,32668.81,3.09,0.13,-0.05,257,298677.03,10.83,0.01,0.04,3
2026-04-06,23:44:51,378,196666.67,7.63,0.02,0.0,1538,33250.97,3.14,0.13,0.06,261,293793.09,10.65,0.01,-0.18,3
2026-04-06,23:44:53,379,196095.0,7.61,0.02,-0.02,1566,32298.85,3.05,0.14,-0.09,255,301176.47,10.92,0.01,0.27,3
2026-04-06,23:44:55,377,197241.37,7.65,0.02,0.04,1534,33389.83,3.16,0.13,0.1,253,303715.41,11.01,0.01,0.09,3
2026-04-06,23:44:57,369,201951.23,7.84,0.02,0.18,1543,33078.42,3.13,0.13,-0.03,244,315655.75,11.44,0.01,0.43,3
2026-04-06,23:44:59,376,197819.14,7.68,0.02,-0.16,1530,33529.41,3.17,0.13,0.04,251,306294.81,11.1,0.01,-0.34,3
2026-04-06,23:45:01,380,195526.31,7.59,0.02,-0.09,1537,33285.62,3.15,0.13,-0.02,247,311578.94,11.3,0.01,0.19,3
2026-04-06,23:45:03,379,196095.0,7.61,0.02,0.02,1531,33494.45,3.17,0.13,0.02,248,310241.94,11.25,0.01,-0.05,3
2026-04-06,23:45:05,384,193281.27,7.5,0.02,-0.11,1536,33320.32,3.15,0.13,-0.02,246,312926.84,11.34,0.01,0.1,3
2026-04-06,23:45:07,383,193838.12,7.52,0.02,0.02,1532,33459.53,3.16,0.13,0.01,244,315655.75,11.44,0.01,0.1,3
2026-04-06,23:45:09,378,196666.67,7.63,0.02,0.11,1528,33599.48,3.18,0.13,0.01,244,315655.75,11.44,0.01,0.0,3
2026-04-06,23:45:11,380,195526.31,7.59,0.02,-0.04,1527,33634.58,3.18,0.13,0.0,241,319834.03,11.59,0.01,0.15,3
2026-04-06,23:45:13,388,191082.48,7.41,0.02,-0.17,1542,33112.84,3.13,0.13,-0.05,243,317037.03,11.49,0.01,-0.1,3
2026-04-06,23:45:15,383,193838.12,7.52,0.02,0.11,1537,33285.62,3.15,0.13,0.02,242,318429.75,11.54,0.01,0.05,3
2026-04-06,23:45:17,384,193281.27,7.5,0.02,-0.02,1523,33775.44,3.19,0.13,0.05,243,317037.03,11.49,0.01,-0.05,3
2026-04-06,23:45:19,378,196666.67,7.63,0.02,0.13,1529,33564.42,3.17,0.13,-0.02,239,322677.84,11.7,0.01,0.2,3
2026-04-06,23:45:21,386,192176.16,7.46,0.02,-0.17,1519,33917.05,3.21,0.12,0.03,243,317037.03,11.49,0.01,-0.2,3
2026-04-06,23:45:23,376,197819.14,7.68,0.02,0.22,1530,33529.41,3.17,0.13,-0.04,240,321250.0,11.65,0.01,0.15,3
2026-04-06,23:45:25,383,193838.12,7.52,0.02,-0.15,1512,34166.67,3.23,0.12,0.06,241,319834.03,11.59,0.01,-0.05,3
2026-04-06,23:45:27,379,196095.0,7.61,0.02,0.09,1528,33599.48,3.18,0.13,-0.05,235,328510.63,11.91,0.01,0.31,3
2026-04-06,23:45:29,377,197241.37,7.65,0.02,0.04,1512,34166.67,3.23,0.12,0.05,239,322677.84,11.7,0.01,-0.21,3
2026-04-06,23:45:31,377,197241.37,7.65,0.02,0.0,1521,33846.15,3.2,0.12,-0.03,238,324117.66,11.75,0.01,0.05,3
2026-04-06,23:45:33,376,197819.14,7.68,0.02,0.02,1509,34274.36,3.24,0.12,0.04,236,327033.91,11.86,0.01,0.11,3
2026-04-06,23:45:35,377,197241.37,7.65,0.02,-0.02,1516,34023.75,3.22,0.12,-0.02,235,328510.63,11.91,0.01,0.05,3
2026-04-06,23:45:37,380,195526.31,7.59,0.02,-0.07,1505,34418.61,3.25,0.12,0.04,234,330000.0,11.96,0.01,0.05,3
2026-04-06,23:45:39,377,197241.37,7.65,0.02,0.07,1511,34202.52,3.23,0.12,-0.02,234,330000.0,11.96,0.01,0.0,3
2026-04-06,23:45:41,378,196666.67,7.63,0.02,-0.02,1507,34346.38,3.25,0.12,0.01,234,330000.0,11.96,0.01,0.0,3
2026-04-06,23:45:43,381,194960.63,7.57,0.02,-0.07,1503,34491.02,3.26,0.12,0.01,233,331502.16,12.02,0.01,0.05,3
2026-04-06,23:45:45,378,196666.67,7.63,0.02,0.07,1505,34418.61,3.25,0.12,-0.01,235,328510.63,11.91,0.01,-0.11,3
2026-04-06,23:45:47,382,194397.91,7.54,0.02,-0.09,1498,34672.89,3.28,0.12,0.02,236,327033.91,11.86,0.01,-0.05,3
2026-04-06,23:45:49,376,197819.14,7.68,0.02,0.13,1514,34095.11,3.22,0.12,-0.05,236,327033.91,11.86,0.01,0.0,3
2026-04-06,23:45:51,385,192727.27,7.48,0.02,-0.2,1503,34491.02,3.26,0.12,0.04,241,319834.03,11.59,0.01,-0.26,3
2026-04-06,23:45:53,380,195526.31,7.59,0.02,0.11,1520,33881.58,3.2,0.12,-0.06,238,324117.66,11.75,0.01,0.16,3
2026-04-06,23:45:55,382,194397.91,7.54,0.02,-0.04,1507,34346.38,3.25,0.12,0.04,243,317037.03,11.49,0.01,-0.26,3
2026-04-06,23:45:57,377,197241.37,7.65,0.02,0.11,1518,33952.57,3.21,0.12,-0.04,239,322677.84,11.7,0.01,0.2,3
2026-04-06,23:45:59,375,198399.98,7.7,0.02,0.04,1510,34238.41,3.24,0.12,0.03,240,321250.0,11.65,0.01,-0.05,3
2026-04-06,23:46:01,375,198399.98,7.7,0.02,0.0,1520,33881.58,3.2,0.12,-0.03,232,333017.22,12.07,0.01,0.43,3
2026-04-06,23:46:03,378,196666.67,7.63,0.02,-0.07,1500,34600.0,3.27,0.12,0.07,237,325569.59,11.8,0.01,-0.27,3
2026-04-06,23:46:05,380,195526.31,7.59,0.02,-0.04,1509,34274.36,3.24,0.12,-0.03,236,327033.91,11.86,0.01,0.05,3
2026-04-06,23:46:07,380,195526.31,7.59,0.02,0.0,1503,34491.02,3.26,0.12,0.02,233,331502.16,12.02,0.01,0.16,3
2026-04-06,23:46:09,377,197241.37,7.65,0.02,0.07,1500,34600.0,3.27,0.12,0.01,234,330000.0,11.96,0.01,-0.05,3
2026-04-06,23:46:11,373,199571.05,7.74,0.02,0.09,1502,34527.3,3.26,0.12,-0.01,238,324117.66,11.75,0.01,-0.21,3
2026-04-06,23:46:13,376,197819.14,7.68,0.02,-0.07,1517,33988.14,3.21,0.12,-0.05,239,322677.84,11.7,0.01,-0.05,3
2026-04-06,23:46:15,372,200161.3,7.77,0.02,0.09,1511,34202.52,3.23,0.12,0.02,233,331502.16,12.02,0.01,0.32,3
2026-04-06,23:46:17,372,200161.3,7.77,0.02,0.0,1500,34600.0,3.27,0.12,0.04,231,334545.47,12.13,0.01,0.11,3
2026-04-06,23:46:19,376,197819.14,7.68,0.02,-0.09,1503,34491.02,3.26,0.12,-0.01,232,333017.22,12.07,0.01,-0.06,3
2026-04-06,23:46:21,378,196666.67,7.63,0.02,-0.04,1495,34782.61,3.29,0.12,0.03,234,330000.0,11.96,0.01,-0.11,3
2026-04-06,23:46:23,372,200161.3,7.77,0.02,0.14,1510,34238.41,3.24,0.12,-0.05,232,333017.22,12.07,0.01,0.11,3
2026-04-06,23:46:25,375,198399.98,7.7,0.02,-0.07,1490,34966.45,3.3,0.12,0.07,234,330000.0,11.96,0.01,-0.11,3
2026-04-06,23:46:27,374,198983.97,7.72,0.02,0.02,1508,34310.34,3.24,0.12,-0.06,231,334545.47,12.13,0.01,0.16,3
2026-04-06,23:46:29,374,198983.97,7.72,0.02,0.0,1494,34819.28,3.29,0.12,0.05,232,333017.22,12.07,0.01,-0.06,3
2026-04-06,23:46:31,370,201351.34,7.81,0.02,0.09,1510,34238.41,3.24,0.12,-0.05,230,336086.94,12.18,0.01,0.11,3
2026-04-06,23:46:33,381,194960.63,7.57,0.02,-0.25,1496,34745.99,3.28,0.12,0.05,233,331502.16,12.02,0.01,-0.17,3
2026-04-06,23:46:35,374,198983.97,7.72,0.02,0.16,1503,34491.02,3.26,0.12,-0.02,230,336086.94,12.18,0.01,0.17,3
2026-04-06,23:46:37,393,188396.95,7.31,0.02,-0.41,1629,30276.24,2.86,0.16,-0.4,237,325569.59,11.8,0.01,-0.38,3
2026-04-06,23:46:39,414,177826.09,6.9,0.02,-0.41,1555,32668.81,3.09,0.13,0.23,239,322677.84,11.7,0.01,-0.1,3
2026-04-06,23:46:41,402,183731.34,7.13,0.02,0.23,1506,34382.47,3.25,0.12,0.16,244,315655.75,11.44,0.01,-0.25,3
2026-04-06,23:46:43,402,183731.34,7.13,0.02,0.0,1515,34059.41,3.22,0.12,-0.03,242,318429.75,11.54,0.01,0.1,3
2026-04-06,23:46:45,403,183225.81,7.11,0.02,-0.02,1522,33810.77,3.2,0.12,-0.02,243,317037.03,11.49,0.01,-0.05,3
2026-04-06,23:46:47,401,184239.41,7.15,0.02,0.04,1531,33494.45,3.17,0.13,-0.03,248,310241.94,11.25,0.01,-0.25,4
2026-04-06,23:46:49,405,182222.22,7.07,0.02,-0.08,1539,33216.37,3.14,0.13,-0.03,247,311578.94,11.3,0.01,0.05,4
2026-04-06,23:46:51,404,182722.78,7.09,0.02,0.02,1534,33389.83,3.16,0.13,0.02,248,310241.94,11.25,0.01,-0.05,4
2026-04-06,23:46:53,400,184750.0,7.17,0.02,0.08,1536,33320.32,3.15,0.13,-0.01,242,318429.75,11.54,0.01,0.3,4
2026-04-06,23:46:55,402,183731.34,7.13,0.02,-0.04,1530,33529.41,3.17,0.13,0.02,241,319834.03,11.59,0.01,0.05,4
2026-04-06,23:46:57,391,189462.91,7.35,0.02,0.22,1538,33250.97,3.14,0.13,-0.03,239,322677.84,11.7,0.01,0.1,4
2026-04-06,23:46:59,399,185263.17,7.19,0.02,-0.16,1525,33704.92,3.19,0.13,0.04,240,321250.0,11.65,0.01,-0.05,4
2026-04-06,23:47:01,388,191082.48,7.41,0.02,0.23,1535,33355.05,3.15,0.13,-0.03,234,330000.0,11.96,0.01,0.32,4
2026-04-06,23:47:03,398,185778.91,7.21,0.02,-0.21,1526,33669.72,3.18,0.13,0.03,238,324117.66,11.75,0.01,-0.21,4
2026-04-06,23:47:05,400,184750.0,7.17,0.02,-0.04,1547,32941.18,3.11,0.13,-0.07,234,330000.0,11.96,0.01,0.21,4
2026-04-06,23:47:07,401,184239.41,7.15,0.02,-0.02,1529,33564.42,3.17,0.13,0.06,236,327033.91,11.86,0.01,-0.11,4
2026-04-06,23:47:09,398,185778.91,7.21,0.02,0.06,1544,33044.04,3.12,0.13,-0.05,236,327033.91,11.86,0.01,0.0,4
2026-04-06,23:47:11,395,187341.77,7.27,0.02,0.06,1532,33459.53,3.16,0.13,0.04,237,325569.59,11.8,0.01,-0.05,4
2026-04-06,23:47:13,394,187868.03,7.29,0.02,0.02,1532,33459.53,3.16,0.13,0.0,234,330000.0,11.96,0.01,0.16,4
2026-04-06,23:47:15,393,188396.95,7.31,0.02,0.02,1529,33564.42,3.17,0.13,0.01,233,331502.16,12.02,0.01,0.05,4
2026-04-06,23:47:17,391,189462.91,7.35,0.02,0.04,1531,33494.45,3.17,0.13,-0.01,230,336086.94,12.18,0.01,0.17,4
2026-04-06,23:47:19,397,186297.23,7.23,0.02,-0.12,1545,33009.71,3.12,0.13,-0.05,237,325569.59,11.8,0.01,-0.38,4
2026-04-06,23:47:21,396,186818.17,7.25,0.02,0.02,1550,32838.71,3.1,0.13,-0.02,237,325569.59,11.8,0.01,0.0,4
2026-04-06,23:47:23,392,188928.58,7.33,0.02,0.08,1547,32941.18,3.11,0.13,0.01,234,330000.0,11.96,0.01,0.16,4
2026-04-06,23:47:25,393,188396.95,7.31,0.02,-0.02,1545,33009.71,3.12,0.13,0.01,234,330000.0,11.96,0.01,0.0,4
2026-04-06,23:47:27,394,187868.03,7.29,0.02,-0.02,1543,33078.42,3.13,0.13,0.01,231,334545.47,12.13,0.01,0.16,4
2026-04-06,23:47:29,391,189462.91,7.35,0.02,0.06,1529,33564.42,3.17,0.13,0.05,233,331502.16,12.02,0.01,-0.11,4
2026-04-06,23:47:31,384,193281.27,7.5,0.02,0.15,1540,33181.82,3.14,0.13,-0.04,226,342389.38,12.41,0.01,0.39,4
2026-04-06,23:47:33,391,189462.91,7.35,0.02,-0.15,1523,33775.44,3.19,0.13,0.06,232,333017.22,12.07,0.01,-0.34,4
2026-04-06,23:47:35,383,193838.12,7.52,0.02,0.17,1529,33564.42,3.17,0.13,-0.02,229,337641.94,12.24,0.01,0.17,4
2026-04-06,23:47:37,390,190000.0,7.37,0.02,-0.15,1550,32838.71,3.1,0.13,-0.07,241,319834.03,11.59,0.01,-0.65,4
2026-04-06,23:47:39,383,193838.12,7.52,0.02,0.15,1530,33529.41,3.17,0.13,0.07,247,311578.94,11.3,0.01,-0.3,4
2026-04-06,23:47:41,385,192727.27,7.48,0.02,-0.04,1522,33810.77,3.2,0.12,0.03,241,319834.03,11.59,0.01,0.3,4
2026-04-06,23:47:43,380,195526.31,7.59,0.02,0.11,1525,33704.92,3.19,0.13,-0.01,239,322677.84,11.7,0.01,0.1,4
2026-04-06,23:47:45,381,194960.63,7.57,0.02,-0.02,1521,33846.15,3.2,0.12,0.01,239,322677.84,11.7,0.01,0.0,4
2026-04-06,23:47:47,381,194960.63,7.57,0.02,0.0,1523,33775.44,3.19,0.13,-0.01,236,327033.91,11.86,0.01,0.16,4
2026-04-06,23:47:49,381,194960.63,7.57,0.02,0.0,1522,33810.77,3.2,0.12,0.0,236,327033.91,11.86,0.01,0.0,4
2026-04-06,23:47:51,380,195526.31,7.59,0.02,0.02,1521,33846.15,3.2,0.12,0.0,233,331502.16,12.02,0.01,0.16,4
2026-04-06,23:47:53,381,194960.63,7.57,0.02,-0.02,1524,33740.16,3.19,0.13,-0.01,235,328510.63,11.91,0.01,-0.11,4
2026-04-06,23:47:55,384,193281.27,7.5,0.02,-0.07,1518,33952.57,3.21,0.12,0.02,232,333017.22,12.07,0.01,0.16,4
2026-04-06,23:47:57,383,193838.12,7.52,0.02,0.02,1522,33810.77,3.2,0.12,-0.01,229,337641.94,12.24,0.01,0.17,4
2026-04-06,23:47:59,382,194397.91,7.54,0.02,0.02,1515,34059.41,3.22,0.12,0.02,232,333017.22,12.07,0.01,-0.17,4
2026-04-06,23:48:01,383,193838.12,7.52,0.02,-0.02,1524,33740.16,3.19,0.13,-0.03,227,340792.94,12.35,0.01,0.28,4
2026-04-06,23:48:03,386,192176.16,7.46,0.02,-0.06,1516,34023.75,3.22,0.12,0.03,228,339210.53,12.3,0.01,-0.06,4
2026-04-06,23:48:05,375,198399.98,7.7,0.02,0.24,1525,33704.92,3.19,0.13,-0.03,226,342389.38,12.41,0.01,0.12,4
2026-04-06,23:48:07,385,192727.27,7.48,0.02,-0.22,1514,34095.11,3.22,0.12,0.04,225,344000.0,12.47,0.01,0.06,4
2026-04-06,23:48:09,378,196666.67,7.63,0.02,0.15,1527,33634.58,3.18,0.13,-0.04,225,344000.0,12.47,0.01,0.0,4
2026-04-06,23:48:11,381,194960.63,7.57,0.02,-0.07,1512,34166.67,3.23,0.12,0.05,230,336086.94,12.18,0.01,-0.29,4
2026-04-06,23:48:13,373,199571.05,7.74,0.02,0.18,1527,33634.58,3.18,0.13,-0.05,221,350588.25,12.71,0.01,0.53,4
2026-04-06,23:48:15,382,194397.91,7.54,0.02,-0.2,1514,34095.11,3.22,0.12,0.04,225,344000.0,12.47,0.01,-0.24,4
2026-04-06,23:48:17,374,198983.97,7.72,0.02,0.18,1521,33846.15,3.2,0.12,-0.02,222,348918.91,12.65,0.01,0.18,4
2026-04-06,23:48:19,374,198983.97,7.72,0.02,0.0,1516,34023.75,3.22,0.12,0.02,225,344000.0,12.47,0.01,-0.18,4
2026-04-06,23:48:21,386,192176.16,7.46,0.02,-0.26,1533,33424.66,3.16,0.13,-0.06,229,337641.94,12.24,0.01,-0.23,4
2026-04-06,23:48:23,389,190539.86,7.39,0.02,-0.06,1532,33459.53,3.16,0.13,0.0,230,336086.94,12.18,0.01,-0.06,4
2026-04-06,23:48:25,387,191627.91,7.44,0.02,0.04,1533,33424.66,3.16,0.13,-0.0,226,342389.38,12.41,0.01,0.23,4
2026-04-06,23:48:27,384,193281.27,7.5,0.02,0.06,1534,33389.83,3.16,0.13,-0.0,224,345625.0,12.53,0.01,0.12,4
2026-04-06,23:48:29,379,196095.0,7.61,0.02,0.11,1520,33881.58,3.2,0.12,0.05,219,353972.62,12.83,0.01,0.3,2
2026-04-06,23:48:31,373,199571.05,7.74,0.02,0.13,1526,33669.72,3.18,0.13,-0.02,219,353972.62,12.83,0.01,0.0,2
2026-04-06,23:48:33,379,196095.0,7.61,0.02,-0.13,1504,34454.79,3.26,0.12,0.07,224,345625.0,12.53,0.01,-0.3,2
2026-04-06,23:48:35,370,201351.34,7.81,0.02,0.2,1515,34059.41,3.22,0.12,-0.04,222,348918.91,12.65,0.01,0.12,2
2026-04-06,23:48:37,370,201351.34,7.81,0.02,0.0,1499,34636.42,3.27,0.12,0.05,225,344000.0,12.47,0.01,-0.18,2
2026-04-06,23:48:39,370,201351.34,7.81,0.02,0.0,1515,34059.41,3.22,0.12,-0.05,217,357419.38,12.96,0.01,0.49,2
2026-04-06,23:48:41,380,195526.31,7.59,0.02,-0.23,1495,34782.61,3.29,0.12,0.07,221,350588.25,12.71,0.01,-0.25,2
2026-04-06,23:48:43,374,198983.97,7.72,0.02,0.13,1516,34023.75,3.22,0.12,-0.07,221,350588.25,12.71,0.01,0.0,2
2026-04-06,23:48:45,379,196095.0,7.61,0.02,-0.11,1518,33952.57,3.21,0.12,-0.01,224,345625.0,12.53,0.01,-0.18,2
2026-04-06,23:48:47,371,200754.72,7.79,0.02,0.18,1519,33917.05,3.21,0.12,-0.0,214,362710.28,13.15,0.01,0.62,2
2026-04-06,23:48:49,373,199571.05,7.74,0.02,-0.05,1508,34310.34,3.24,0.12,0.04,215,360930.22,13.08,0.01,-0.06,2
2026-04-06,23:48:51,366,203770.48,7.91,0.02,0.16,1509,34274.36,3.24,0.12,-0.0,213,364507.03,13.21,0.01,0.13,2
2026-04-06,23:48:53,372,200161.3,7.77,0.02,-0.14,1501,34563.62,3.27,0.12,0.03,215,360930.22,13.08,0.01,-0.13,2
2026-04-06,23:48:55,371,200754.72,7.79,0.02,0.02,1502,34527.3,3.26,0.12,-0.0,215,360930.22,13.08,0.01,0.0,2
2026-04-06,23:48:57,373,199571.05,7.74,0.02,-0.05,1502,34527.3,3.26,0.12,0.0,217,357419.38,12.96,0.01,-0.13,2
2026-04-06,23:48:59,371,200754.72,7.79,0.02,0.05,1498,34672.89,3.28,0.12,0.01,216,359166.66,13.02,0.01,0.06,2
2026-04-06,23:49:01,370,201351.34,7.81,0.02,0.02,1503,34491.02,3.26,0.12,-0.02,217,357419.38,12.96,0.01,-0.06,2
2026-04-06,23:49:03,373,199571.05,7.74,0.02,-0.07,1503,34491.02,3.26,0.12,0.0,217,357419.38,12.96,0.01,0.0,2
2026-04-06,23:49:05,369,201951.23,7.84,0.02,0.09,1510,34238.41,3.24,0.12,-0.02,215,360930.22,13.08,0.01,0.13,2
2026-04-06,23:49:07,374,198983.97,7.72,0.02,-0.12,1500,34600.0,3.27,0.12,0.03,219,353972.62,12.83,0.01,-0.25,2
2026-04-06,23:49:09,370,201351.34,7.81,0.02,0.09,1511,34202.52,3.23,0.12,-0.04,213,364507.03,13.21,0.01,0.38,2
2026-04-06,23:49:11,371,200754.72,7.79,0.02,-0.02,1498,34672.89,3.28,0.12,0.04,219,353972.62,12.83,0.01,-0.38,2
2026-04-06,23:49:13,367,203160.77,7.88,0.02,0.09,1507,34346.38,3.25,0.12,-0.03,214,362710.28,13.15,0.01,0.32,2
2026-04-06,23:49:15,374,198983.97,7.72,0.02,-0.16,1492,34892.76,3.3,0.12,0.05,219,353972.62,12.83,0.01,-0.32,2
2026-04-06,23:49:17,371,200754.72,7.79,0.02,0.07,1507,34346.38,3.25,0.12,-0.05,214,362710.28,13.15,0.01,0.32,2
2026-04-06,23:49:19,373,199571.05,7.74,0.02,-0.05,1495,34782.61,3.29,0.12,0.04,217,357419.38,12.96,0.01,-0.19,2
2026-04-06,23:49:21,370,201351.34,7.81,0.02,0.07,1504,34454.79,3.26,0.12,-0.03,216,359166.66,13.02,0.01,0.06,2
2026-04-06,23:49:23,374,198983.97,7.72,0.02,-0.09,1495,34782.61,3.29,0.12,0.03,216,359166.66,13.02,0.01,0.0,2
2026-04-06,23:49:25,367,203160.77,7.88,0.02,0.16,1506,34382.47,3.25,0.12,-0.04,215,360930.22,13.08,0.01,0.06,2
2026-04-06,23:49:27,368,202554.36,7.86,0.02,-0.02,1500,34600.0,3.27,0.12,0.02,217,357419.38,12.96,0.01,-0.13,2
2026-04-06,23:49:29,370,201351.34,7.81,0.02,-0.05,1502,34527.3,3.26,0.12,-0.01,217,357419.38,12.96,0.01,0.0,2
2026-04-06,23:49:31,370,201351.34,7.81,0.02,0.0,1503,34491.02,3.26,0.12,-0.0,219,353972.62,12.83,0.01,-0.12,2
2026-04-06,23:49:33,376,197819.14,7.68,0.02,-0.14,1502,34527.3,3.26,0.12,0.0,219,353972.62,12.83,0.01,0.0,2
2026-04-06,23:49:35,372,200161.3,7.77,0.02,0.09,1504,34454.79,3.26,0.12,-0.01,218,355688.06,12.89,0.01,0.06,2
2026-04-06,23:49:37,372,200161.3,7.77,0.02,0.0,1498,34672.89,3.28,0.12,0.02,217,357419.38,12.96,0.01,0.06,2
2026-04-06,23:49:39,365,204383.55,7.93,0.02,0.16,1507,34346.38,3.25,0.12,-0.03,214,362710.28,13.15,0.01,0.19,2
2026-04-06,23:49:41,372,200161.3,7.77,0.02,-0.16,1501,34563.62,3.27,0.12,0.02,218,355688.06,12.89,0.01,-0.25,2
2026-04-06,23:49:43,375,198399.98,7.7,0.02,-0.07,1516,34023.75,3.22,0.12,-0.05,221,350588.25,12.71,0.01,-0.18,2
2026-04-06,23:49:45,375,198399.98,7.7,0.02,0.0,1501,34563.62,3.27,0.12,0.05,219,353972.62,12.83,0.01,0.12,2
2026-04-06,23:49:47,365,204383.55,7.93,0.02,0.23,1506,34382.47,3.25,0.12,-0.02,216,359166.66,13.02,0.01,0.19,2
2026-04-06,23:49:49,375,198399.98,7.7,0.02,-0.23,1498,34672.89,3.28,0.12,0.03,223,347264.56,12.59,0.01,-0.43,2
2026-04-06,23:49:51,368,202554.36,7.86,0.02,0.16,1508,34310.34,3.24,0.12,-0.03,217,357419.38,12.96,0.01,0.37,2
2026-04-06,23:49:53,376,197819.14,7.68,0.02,-0.18,1500,34600.0,3.27,0.12,0.03,220,352272.72,12.77,0.01,-0.19,2
2026-04-06,23:49:55,371,200754.72,7.79,0.02,0.11,1507,34346.38,3.25,0.12,-0.02,219,353972.62,12.83,0.01,0.06,1
2026-04-06,23:49:57,367,203160.77,7.88,0.02,0.09,1503,34491.02,3.26,0.12,0.01,226,342389.38,12.41,0.01,-0.42,1
2026-04-06,23:49:59,373,199571.05,7.74,0.02,-0.14,1510,34238.41,3.24,0.12,-0.02,222,348918.91,12.65,0.01,0.24,1
2026-04-06,23:50:01,371,200754.72,7.79,0.02,0.05,1504,34454.79,3.26,0.12,0.02,221,350588.25,12.71,0.01,0.06,1
2026-04-06,23:50:03,373,199571.05,7.74,0.02,-0.05,1508,34310.34,3.24,0.12,-0.01,222,348918.91,12.65,0.01,-0.06,1
2026-04-06,23:50:05,375,198399.98,7.7,0.02,-0.05,1508,34310.34,3.24,0.12,0.0,222,348918.91,12.65,0.01,0.0,1
2026-04-06,23:50:07,375,198399.98,7.7,0.02,0.0,1504,34454.79,3.26,0.12,0.01,222,348918.91,12.65,0.01,0.0,1
2026-04-06,23:50:09,371,200754.72,7.79,0.02,0.09,1511,34202.52,3.23,0.12,-0.02,220,352272.72,12.77,0.01,0.12,1
2026-04-06,23:50:11,371,200754.72,7.79,0.02,0.0,1503,34491.02,3.26,0.12,0.03,226,342389.38,12.41,0.01,-0.36,1
2026-04-06,23:50:13,368,202554.36,7.86,0.02,0.07,1517,33988.14,3.21,0.12,-0.05,218,355688.06,12.89,0.01,0.48,1
2026-04-06,23:50:15,376,197819.14,7.68,0.02,-0.18,1500,34600.0,3.27,0.12,0.06,222,348918.91,12.65,0.01,-0.25,1
2026-04-06,23:50:17,373,199571.05,7.74,0.02,0.07,1518,33952.57,3.21,0.12,-0.06,218,355688.06,12.89,0.01,0.25,1
2026-04-06,23:50:19,376,197819.14,7.68,0.02,-0.07,1503,34491.02,3.26,0.12,0.05,221,350588.25,12.71,0.01,-0.18,1
2026-04-06,23:50:21,372,200161.3,7.77,0.02,0.09,1519,33917.05,3.21,0.12,-0.05,219,353972.62,12.83,0.01,0.12,1
2026-04-06,23:50:23,374,198983.97,7.72,0.02,-0.05,1503,34491.02,3.26,0.12,0.05,223,347264.56,12.59,0.01,-0.24,1
2026-04-06,23:50:25,371,200754.72,7.79,0.02,0.07,1521,33846.15,3.2,0.12,-0.06,220,352272.72,12.77,0.01,0.18,1
2026-04-06,23:50:27,371,200754.72,7.79,0.02,0.0,1508,34310.34,3.24,0.12,0.04,224,345625.0,12.53,0.01,-0.24,1
2026-04-06,23:50:29,370,201351.34,7.81,0.02,0.02,1516,34023.75,3.22,0.12,-0.03,220,352272.72,12.77,0.01,0.24,1
2026-04-06,23:50:31,375,198399.98,7.7,0.02,-0.11,1513,34130.87,3.23,0.12,0.01,222,348918.91,12.65,0.01,-0.12,1
2026-04-06,23:50:33,379,196095.0,7.61,0.02,-0.09,1510,34238.41,3.24,0.12,0.01,223,347264.56,12.59,0.01,-0.06,1
2026-04-06,23:50:35,377,197241.37,7.65,0.02,0.04,1514,34095.11,3.22,0.12,-0.01,222,348918.91,12.65,0.01,0.06,1
2026-04-06,23:50:37,377,197241.37,7.65,0.02,0.0,1515,34059.41,3.22,0.12,-0.0,222,348918.91,12.65,0.01,0.0,1
2026-04-06,23:50:39,369,201951.23,7.84,0.02,0.18,1514,34095.11,3.22,0.12,0.0,224,345625.0,12.53,0.01,-0.12,1
2026-04-06,23:50:41,380,195526.31,7.59,0.02,-0.25,1513,34130.87,3.23,0.12,0.0,225,344000.0,12.47,0.01,-0.06,1
2026-04-06,23:50:43,370,201351.34,7.81,0.02,0.23,1524,33740.16,3.19,0.13,-0.04,221,350588.25,12.71,0.01,0.24,1
2026-04-06,23:50:45,377,197241.37,7.65,0.02,-0.16,1513,34130.87,3.23,0.12,0.04,225,344000.0,12.47,0.01,-0.24,1
2026-04-06,23:50:47,372,200161.3,7.77,0.02,0.11,1526,33669.72,3.18,0.13,-0.04,223,347264.56,12.59,0.01,0.12,1
2026-04-06,23:50:49,381,194960.63,7.57,0.02,-0.2,1513,34130.87,3.23,0.12,0.04,227,340792.94,12.35,0.01,-0.23,1
2026-04-06,23:50:51,375,198399.98,7.7,0.02,0.13,1525,33704.92,3.19,0.13,-0.04,222,348918.91,12.65,0.01,0.29,1
2026-04-06,23:50:53,384,193281.27,7.5,0.02,-0.2,1510,34238.41,3.24,0.12,0.05,227,340792.94,12.35,0.01,-0.29,1
2026-04-06,23:50:55,373,199571.05,7.74,0.02,0.24,1523,33775.44,3.19,0.13,-0.04,225,344000.0,12.47,0.01,0.12,1
2026-04-06,23:50:57,383,193838.12,7.52,0.02,-0.22,1516,34023.75,3.22,0.12,0.02,231,334545.47,12.13,0.01,-0.34,1
2026-04-06,23:50:59,374,198983.97,7.72,0.02,0.2,1520,33881.58,3.2,0.12,-0.01,225,344000.0,12.47,0.01,0.34,1
2026-04-06,23:51:01,383,193838.12,7.52,0.02,-0.2,1522,33810.77,3.2,0.12,-0.01,228,339210.53,12.3,0.01,-0.17,1
2026-04-06,23:51:03,373,199571.05,7.74,0.02,0.22,1524,33740.16,3.19,0.13,-0.01,226,342389.38,12.41,0.01,0.12,1
2026-04-06,23:51:05,381,194960.63,7.57,0.02,-0.18,1522,33810.77,3.2,0.12,0.01,227,340792.94,12.35,0.01,-0.06,1
2026-04-06,23:51:07,378,196666.67,7.63,0.02,0.07,1524,33740.16,3.19,0.13,-0.01,227,340792.94,12.35,0.01,0.0,1
2026-04-06,23:51:09,380,195526.31,7.59,0.02,-0.04,1520,33881.58,3.2,0.12,0.01,226,342389.38,12.41,0.01,0.06,1
2026-04-06,23:51:11,379,196095.0,7.61,0.02,0.02,1523,33775.44,3.19,0.13,-0.01,230,336086.94,12.18,0.01,-0.23,1
2026-04-06,23:51:13,378,196666.67,7.63,0.02,0.02,1527,33634.58,3.18,0.13,-0.01,226,342389.38,12.41,0.01,0.23,1
2026-04-06,23:51:15,381,194960.63,7.57,0.02,-0.07,1515,34059.41,3.22,0.12,0.04,228,339210.53,12.3,0.01,-0.12,1
2026-04-06,23:51:17,375,198399.98,7.7,0.02,0.13,1525,33704.92,3.19,0.13,-0.03,225,344000.0,12.47,0.01,0.17,1
2026-04-06,23:51:19,385,192727.27,7.48,0.02,-0.22,1515,34059.41,3.22,0.12,0.03,227,340792.94,12.35,0.01,-0.12,1
2026-04-06,23:51:21,373,199571.05,7.74,0.02,0.27,1526,33669.72,3.18,0.13,-0.04,219,353972.62,12.83,0.01,0.48,1
2026-04-06,23:51:23,382,194397.91,7.54,0.02,-0.2,1510,34238.41,3.24,0.12,0.05,222,348918.91,12.65,0.01,-0.18,1
2026-04-06,23:51:25,375,198399.98,7.7,0.02,0.16,1523,33775.44,3.19,0.13,-0.04,217,357419.38,12.96,0.01,0.31,1
2026-04-06,23:51:27,378,196666.67,7.63,0.02,-0.07,1512,34166.67,3.23,0.12,0.04,225,344000.0,12.47,0.01,-0.49,1
2026-04-06,23:51:29,376,197819.14,7.68,0.02,0.04,1521,33846.15,3.2,0.12,-0.03,220,352272.72,12.77,0.01,0.3,1
2026-04-06,23:51:31,377,197241.37,7.65,0.02,-0.02,1510,34238.41,3.24,0.12,0.04,218,355688.06,12.89,0.01,0.12,1
2026-04-06,23:51:33,378,196666.67,7.63,0.02,-0.02,1521,33846.15,3.2,0.12,-0.04,217,357419.38,12.96,0.01,0.06,1
2026-04-06,23:51:35,377,197241.37,7.65,0.02,0.02,1514,34095.11,3.22,0.12,0.02,221,350588.25,12.71,0.01,-0.25,1
2026-04-06,23:51:37,374,198983.97,7.72,0.02,0.07,1515,34059.41,3.22,0.12,-0.0,218,355688.06,12.89,0.01,0.18,1
2026-04-06,23:51:39,369,201951.23,7.84,0.02,0.12,1509,34274.36,3.24,0.12,0.02,217,357419.38,12.96,0.01,0.06,1
2026-04-06,23:51:41,376,197819.14,7.68,0.02,-0.16,1508,34310.34,3.24,0.12,0.0,218,355688.06,12.89,0.01,-0.06,1
2026-04-06,23:51:43,371,200754.72,7.79,0.02,0.11,1515,34059.41,3.22,0.12,-0.02,219,353972.62,12.83,0.01,-0.06,1
2026-04-06,23:51:45,377,197241.37,7.65,0.02,-0.14,1507,34346.38,3.25,0.12,0.03,221,350588.25,12.71,0.01,-0.12,1
2026-04-06,23:51:47,372,200161.3,7.77,0.02,0.11,1512,34166.67,3.23,0.12,-0.02,216,359166.66,13.02,0.01,0.31,1
2026-04-06,23:51:49,378,196666.67,7.63,0.02,-0.14,1504,34454.79,3.26,0.12,0.03,221,350588.25,12.71,0.01,-0.31,3
2026-04-06,23:51:51,369,201951.23,7.84,0.02,0.21,1513,34130.87,3.23,0.12,-0.03,218,355688.06,12.89,0.01,0.18,3
2026-04-06,23:51:53,369,201951.23,7.84,0.02,0.0,1499,34636.42,3.27,0.12,0.05,219,353972.62,12.83,0.01,-0.06,3
2026-04-06,23:51:55,363,205619.84,7.98,0.02,0.14,1511,34202.52,3.23,0.12,-0.04,214,362710.28,13.15,0.01,0.32,3
2026-04-06,23:51:57,366,203770.48,7.91,0.02,-0.07,1500,34600.0,3.27,0.12,0.04,217,357419.38,12.96,0.01,-0.19,3
2026-04-06,23:51:59,368,202554.36,7.86,0.02,-0.05,1512,34166.67,3.23,0.12,-0.04,212,366320.78,13.28,0.01,0.32,3
2026-04-06,23:52:01,367,203160.77,7.88,0.02,0.02,1494,34819.28,3.29,0.12,0.06,216,359166.66,13.02,0.01,-0.26,3
2026-04-06,23:52:03,368,202554.36,7.86,0.02,-0.02,1507,34346.38,3.25,0.12,-0.04,211,368151.66,13.35,0.01,0.33,3
2026-04-06,23:52:05,370,201351.34,7.81,0.02,-0.05,1492,34892.76,3.3,0.12,0.05,215,360930.22,13.08,0.01,-0.26,3
2026-04-06,23:52:07,363,205619.84,7.98,0.02,0.17,1501,34563.62,3.27,0.12,-0.03,212,366320.78,13.28,0.01,0.2,3
2026-04-06,23:52:09,367,203160.77,7.88,0.02,-0.1,1498,34672.89,3.28,0.12,0.01,211,368151.66,13.35,0.01,0.07,3
2026-04-06,23:52:11,367,203160.77,7.88,0.02,0.0,1495,34782.61,3.29,0.12,0.01,207,375652.19,13.62,0.01,0.27,3
2026-04-06,23:52:13,363,205619.84,7.98,0.02,0.1,1491,34929.58,3.3,0.12,0.01,209,371866.03,13.48,0.01,-0.14,3
2026-04-06,23:52:15,365,204383.55,7.93,0.02,-0.05,1490,34966.45,3.3,0.12,0.0,211,368151.66,13.35,0.01,-0.13,3
2026-04-06,23:52:17,365,204383.55,7.93,0.02,0.0,1492,34892.76,3.3,0.12,-0.01,210,370000.0,13.41,0.01,0.07,3
2026-04-06,23:52:19,372,200161.3,7.77,0.02,-0.16,1488,35040.32,3.31,0.12,0.01,210,370000.0,13.41,0.01,0.0,3
2026-04-06,23:52:21,367,203160.77,7.88,0.02,0.12,1495,34782.61,3.29,0.12,-0.02,208,373750.0,13.55,0.01,0.14,3
2026-04-06,23:52:23,367,203160.77,7.88,0.02,0.0,1487,35077.34,3.31,0.12,0.03,211,368151.66,13.35,0.01,-0.2,3
2026-04-06,23:52:25,366,203770.48,7.91,0.02,0.02,1498,34672.89,3.28,0.12,-0.04,208,373750.0,13.55,0.01,0.2,3
2026-04-06,23:52:27,362,206243.09,8.0,0.02,0.1,1484,35188.68,3.33,0.11,0.05,211,368151.66,13.35,0.01,-0.2,3
2026-04-06,23:52:29,362,206243.09,8.0,0.02,0.0,1499,34636.42,3.27,0.12,-0.05,207,375652.19,13.62,0.01,0.27,3
2026-04-06,23:52:31,365,204383.55,7.93,0.02,-0.07,1483,35225.89,3.33,0.11,0.06,207,375652.19,13.62,0.01,0.0,3
2026-04-06,23:52:33,361,206869.8,8.03,0.02,0.1,1495,34782.61,3.29,0.12,-0.04,207,375652.19,13.62,0.01,0.0,3
2026-04-06,23:52:35,360,207499.98,8.05,0.02,0.02,1482,35263.16,3.33,0.11,0.05,206,377572.81,13.69,0.01,0.07,3
2026-04-06,23:52:37,363,205619.84,7.98,0.02,-0.07,1488,35040.32,3.31,0.12,-0.02,205,379512.19,13.76,0.01,0.07,3
2026-04-06,23:52:39,365,204383.55,7.93,0.02,-0.05,1481,35300.47,3.34,0.11,0.02,206,377572.81,13.69,0.01,-0.07,3
2026-04-06,23:52:41,362,206243.09,8.0,0.02,0.07,1485,35151.52,3.32,0.12,-0.01,205,379512.19,13.76,0.01,0.07,3
2026-04-06,23:52:43,363,205619.84,7.98,0.02,-0.02,1485,35151.52,3.32,0.12,0.0,205,379512.19,13.76,0.01,0.0,3
2026-04-06,23:52:45,365,204383.55,7.93,0.02,-0.05,1483,35225.89,3.33,0.11,0.01,207,375652.19,13.62,0.01,-0.14,3
2026-04-06,23:52:47,367,203160.77,7.88,0.02,-0.05,1487,35077.34,3.31,0.12,-0.01,207,375652.19,13.62,0.01,0.0,3
2026-04-06,23:52:49,364,205000.02,7.95,0.02,0.07,1482,35263.16,3.33,0.11,0.02,208,373750.0,13.55,0.01,-0.07,3
2026-04-06,23:52:51,360,207499.98,8.05,0.02,0.1,1492,34892.76,3.3,0.12,-0.04,207,375652.19,13.62,0.01,0.07,3
2026-04-06,23:52:53,368,202554.36,7.86,0.02,-0.19,1478,35412.72,3.35,0.11,0.05,210,370000.0,13.41,0.01,-0.2,3
2026-04-06,23:52:55,363,205619.84,7.98,0.02,0.12,1488,35040.32,3.31,0.12,-0.04,207,375652.19,13.62,0.01,0.2,3
2026-04-06,23:52:57,368,202554.36,7.86,0.02,-0.12,1479,35375.25,3.34,0.11,0.03,209,371866.03,13.48,0.01,-0.14,3
2026-04-06,23:52:59,360,207499.98,8.05,0.02,0.19,1493,34856.0,3.29,0.12,-0.05,207,375652.19,13.62,0.01,0.14,3
2026-04-06,23:53:01,366,203770.48,7.91,0.02,-0.14,1481,35300.47,3.34,0.11,0.04,210,370000.0,13.41,0.01,-0.2,3
2026-04-06,23:53:03,358,208770.95,8.1,0.02,0.19,1490,34966.45,3.3,0.12,-0.03,204,381470.59,13.83,0.01,0.42,3
2026-04-06,23:53:05,364,205000.02,7.95,0.02,-0.15,1479,35375.25,3.34,0.11,0.04,206,377572.81,13.69,0.01,-0.14,3
2026-04-06,23:53:07,360,207499.98,8.05,0.02,0.1,1490,34966.45,3.3,0.12,-0.04,206,377572.81,13.69,0.01,0.0,3
2026-04-06,23:53:09,363,205619.84,7.98,0.02,-0.07,1483,35225.89,3.33,0.11,0.02,210,370000.0,13.41,0.01,-0.27,3
2026-04-06,23:53:11,356,210056.17,8.15,0.02,0.17,1488,35040.32,3.31,0.12,-0.02,205,379512.19,13.76,0.01,0.34,3
2026-04-06,23:53:13,369,201951.23,7.84,0.02,-0.31,1486,35114.4,3.32,0.12,0.01,208,373750.0,13.55,0.01,-0.21,3
2026-04-06,23:53:15,361,206869.8,8.03,0.02,0.19,1493,34856.0,3.29,0.12,-0.02,208,373750.0,13.55,0.01,0.0,3
2026-04-06,23:53:17,368,202554.36,7.86,0.02,-0.17,1493,34856.0,3.29,0.12,0.0,208,373750.0,13.55,0.01,0.0,3
2026-04-06,23:53:19,368,202554.36,7.86,0.02,0.0,1487,35077.34,3.31,0.12,0.02,208,373750.0,13.55,0.01,0.0,3
2026-04-06,23:53:21,361,206869.8,8.03,0.02,0.17,1491,34929.58,3.3,0.12,-0.01,205,379512.19,13.76,0.01,0.21,3
2026-04-06,23:53:23,368,202554.36,7.86,0.02,-0.17,1486,35114.4,3.32,0.12,0.02,208,373750.0,13.55,0.01,-0.21,3
2026-04-06,23:53:25,364,205000.02,7.95,0.02,0.09,1487,35077.34,3.31,0.12,-0.0,208,373750.0,13.55,0.01,0.0,3
2026-04-06,23:53:27,369,201951.23,7.84,0.02,-0.12,1478,35412.72,3.35,0.11,0.03,208,373750.0,13.55,0.01,0.0,3
2026-04-06,23:53:29,361,206869.8,8.03,0.02,0.19,1488,35040.32,3.31,0.12,-0.04,205,379512.19,13.76,0.01,0.21,3
2026-04-06,23:53:31,366,203770.48,7.91,0.02,-0.12,1481,35300.47,3.34,0.11,0.02,207,375652.19,13.62,0.01,-0.14,3
2026-04-06,23:53:33,361,206869.8,8.03,0.02,0.12,1495,34782.61,3.29,0.12,-0.05,208,373750.0,13.55,0.01,-0.07,3
2026-04-06,23:53:35,369,201951.23,7.84,0.02,-0.19,1481,35300.47,3.34,0.11,0.05,211,368151.66,13.35,0.01,-0.2,3
2026-04-06,23:53:37,359,208133.72,8.08,0.02,0.24,1494,34819.28,3.29,0.12,-0.05,208,373750.0,13.55,0.01,0.2,3
2026-04-06,23:53:39,363,205619.84,7.98,0.02,-0.1,1479,35375.25,3.34,0.11,0.05,212,366320.78,13.28,0.01,-0.27,3
2026-04-06,23:53:41,362,206243.09,8.0,0.02,0.02,1493,34856.0,3.29,0.12,-0.05,208,373750.0,13.55,0.01,0.27,3
2026-04-06,23:53:43,366,203770.48,7.91,0.02,-0.1,1484,35188.68,3.33,0.11,0.03,213,364507.03,13.21,0.01,-0.34,3
2026-04-06,23:53:45,365,204383.55,7.93,0.02,0.02,1494,34819.28,3.29,0.12,-0.03,208,373750.0,13.55,0.01,0.34,3
2026-04-06,23:53:47,370,201351.34,7.81,0.02,-0.12,1490,34966.45,3.3,0.12,0.01,212,366320.78,13.28,0.01,-0.27,3
2026-04-06,23:53:49,367,203160.77,7.88,0.02,0.07,1494,34819.28,3.29,0.12,-0.01,209,371866.03,13.48,0.01,0.2,3
2026-04-06,23:53:51,372,200161.3,7.77,0.02,-0.12,1497,34709.42,3.28,0.12,-0.01,212,366320.78,13.28,0.01,-0.2,3
2026-04-06,23:53:53,366,203770.48,7.91,0.02,0.14,1495,34782.61,3.29,0.12,0.01,212,366320.78,13.28,0.01,0.0,3
2026-04-06,23:53:55,364,205000.02,7.95,0.02,0.05,1500,34600.0,3.27,0.12,-0.02,214,362710.28,13.15,0.01,-0.13,3
2026-04-06,23:53:57,374,198983.97,7.72,0.02,-0.23,1492,34892.76,3.3,0.12,0.03,215,360930.22,13.08,0.01,-0.06,3
2026-04-06,23:53:59,367,203160.77,7.88,0.02,0.16,1505,34418.61,3.25,0.12,-0.04,214,362710.28,13.15,0.01,0.06,3
2026-04-06,23:54:01,372,200161.3,7.77,0.02,-0.12,1498,34672.89,3.28,0.12,0.02,217,357419.38,12.96,0.01,-0.19,3
2026-04-06,23:54:03,364,205000.02,7.95,0.02,0.19,1511,34202.52,3.23,0.12,-0.04,212,366320.78,13.28,0.01,0.32,3
2026-04-06,23:54:05,375,198399.98,7.7,0.02,-0.26,1492,34892.76,3.3,0.12,0.07,218,355688.06,12.89,0.01,-0.39,3
2026-04-06,23:54:07,364,205000.02,7.95,0.02,0.26,1506,34382.47,3.25,0.12,-0.05,211,368151.66,13.35,0.01,0.45,3
2026-04-06,23:54:09,382,194397.91,7.54,0.02,-0.41,1492,34892.76,3.3,0.12,0.05,215,360930.22,13.08,0.01,-0.26,3
2026-04-06,23:54:11,372,200161.3,7.77,0.02,0.22,1509,34274.36,3.24,0.12,-0.06,214,362710.28,13.15,0.01,0.06,3
2026-04-06,23:54:13,372,200161.3,7.77,0.02,0.0,1495,34782.61,3.29,0.12,0.05,210,370000.0,13.41,0.01,0.26,3
2026-04-06,23:54:15,365,204383.55,7.93,0.02,0.16,1504,34454.79,3.26,0.12,-0.03,210,370000.0,13.41,0.01,0.0,3
2026-04-06,23:54:17,369,201951.23,7.84,0.02,-0.09,1500,34600.0,3.27,0.12,0.01,211,368151.66,13.35,0.01,-0.07,3
2026-04-06,23:54:19,366,203770.48,7.91,0.02,0.07,1500,34600.0,3.27,0.12,0.0,209,371866.03,13.48,0.01,0.13,3
2026-04-06,23:54:21,366,203770.48,7.91,0.02,0.0,1497,34709.42,3.28,0.12,0.01,211,368151.66,13.35,0.01,-0.13,3
2026-04-06,23:54:23,367,203160.77,7.88,0.02,-0.02,1497,34709.42,3.28,0.12,0.0,210,370000.0,13.41,0.01,0.07,3
2026-04-06,23:54:25,370,201351.34,7.81,0.02,-0.07,1499,34636.42,3.27,0.12,-0.01,210,370000.0,13.41,0.01,0.0,3
2026-04-06,23:54:27,371,200754.72,7.79,0.02,-0.02,1498,34672.89,3.28,0.12,0.0,215,360930.22,13.08,0.01,-0.33,3
2026-04-06,23:54:29,370,201351.34,7.81,0.02,0.02,1503,34491.02,3.26,0.12,-0.02,214,362710.28,13.15,0.01,0.06,2
2026-04-06,23:54:31,373,199571.05,7.74,0.02,-0.07,1492,34892.76,3.3,0.12,0.04,214,362710.28,13.15,0.01,0.0,2
2026-04-06,23:54:33,371,200754.72,7.79,0.02,0.05,1502,34527.3,3.26,0.12,-0.03,214,362710.28,13.15,0.01,0.0,2
2026-04-06,23:54:35,375,198399.98,7.7,0.02,-0.09,1497,34709.42,3.28,0.12,0.02,221,350588.25,12.71,0.01,-0.44,2
2026-04-06,23:54:37,370,201351.34,7.81,0.02,0.11,1512,34166.67,3.23,0.12,-0.05,218,355688.06,12.89,0.01,0.18,2
2026-04-06,23:54:39,376,197819.14,7.68,0.02,-0.14,1497,34709.42,3.28,0.12,0.05,221,350588.25,12.71,0.01,-0.18,2
2026-04-06,23:54:41,368,202554.36,7.86,0.02,0.18,1515,34059.41,3.22,0.12,-0.06,215,360930.22,13.08,0.01,0.37,2
2026-04-06,23:54:43,374,198983.97,7.72,0.02,-0.14,1499,34636.42,3.27,0.12,0.05,214,362710.28,13.15,0.01,0.06,2
2026-04-06,23:54:45,372,200161.3,7.77,0.02,0.05,1508,34310.34,3.24,0.12,-0.03,212,366320.78,13.28,0.01,0.13,2
2026-04-06,23:54:47,373,199571.05,7.74,0.02,-0.02,1503,34491.02,3.26,0.12,0.02,215,360930.22,13.08,0.01,-0.2,2
2026-04-06,23:54:49,372,200161.3,7.77,0.02,0.02,1510,34238.41,3.24,0.12,-0.02,213,364507.03,13.21,0.01,0.13,2
2026-04-06,23:54:51,374,198983.97,7.72,0.02,-0.05,1500,34600.0,3.27,0.12,0.03,214,362710.28,13.15,0.01,-0.07,2
2026-04-06,23:54:53,374,198983.97,7.72,0.02,0.0,1512,34166.67,3.23,0.12,-0.04,219,353972.62,12.83,0.01,-0.32,2
2026-04-06,23:54:55,375,198399.98,7.7,0.02,-0.02,1511,34202.52,3.23,0.12,0.0,218,355688.06,12.89,0.01,0.06,2
2026-04-06,23:54:57,376,197819.14,7.68,0.02,-0.02,1513,34130.87,3.23,0.12,-0.01,215,360930.22,13.08,0.01,0.19,2
2026-04-06,23:54:59,374,198983.97,7.72,0.02,0.05,1513,34130.87,3.23,0.12,0.0,216,359166.66,13.02,0.01,-0.06,2
2026-04-06,23:55:01,378,196666.67,7.63,0.02,-0.09,1511,34202.52,3.23,0.12,0.01,218,355688.06,12.89,0.01,-0.13,2
2026-04-06,23:55:03,375,198399.98,7.7,0.02,0.07,1517,33988.14,3.21,0.12,-0.02,216,359166.66,13.02,0.01,0.13,2
2026-04-06,23:55:05,374,198983.97,7.72,0.02,0.02,1511,34202.52,3.23,0.12,0.02,222,348918.91,12.65,0.01,-0.37,2
2026-04-06,23:55:07,369,201951.23,7.84,0.02,0.12,1521,33846.15,3.2,0.12,-0.03,217,357419.38,12.96,0.01,0.31,2
2026-04-06,23:55:09,384,193281.27,7.5,0.02,-0.34,1510,34238.41,3.24,0.12,0.04,221,350588.25,12.71,0.01,-0.25,2
2026-04-06,23:55:11,373,199571.05,7.74,0.02,0.24,1521,33846.15,3.2,0.12,-0.04,218,355688.06,12.89,0.01,0.18,2
2026-04-06,23:55:13,382,194397.91,7.54,0.02,-0.2,1511,34202.52,3.23,0.12,0.03,222,348918.91,12.65,0.01,-0.25,2
2026-04-06,23:55:15,375,198399.98,7.7,0.02,0.16,1525,33704.92,3.19,0.13,-0.05,219,353972.62,12.83,0.01,0.18,2
2026-04-06,23:55:17,379,196095.0,7.61,0.02,-0.09,1513,34130.87,3.23,0.12,0.04,224,345625.0,12.53,0.01,-0.3,2
2026-04-06,23:55:19,375,198399.98,7.7,0.02,0.09,1524,33740.16,3.19,0.13,-0.04,223,347264.56,12.59,0.01,0.06,2
2026-04-06,23:55:21,380,195526.31,7.59,0.02,-0.11,1519,33917.05,3.21,0.12,0.02,220,352272.72,12.77,0.01,0.18,2
2026-04-06,23:55:23,374,198983.97,7.72,0.02,0.13,1523,33775.44,3.19,0.13,-0.01,224,345625.0,12.53,0.01,-0.24,2
2026-04-06,23:55:25,381,194960.63,7.57,0.02,-0.16,1517,33988.14,3.21,0.12,0.02,221,350588.25,12.71,0.01,0.18,2
2026-04-06,23:55:27,377,197241.37,7.65,0.02,0.09,1521,33846.15,3.2,0.12,-0.01,222,348918.91,12.65,0.01,-0.06,2
2026-04-06,23:55:29,375,198399.98,7.7,0.02,0.04,1517,33988.14,3.21,0.12,0.01,223,347264.56,12.59,0.01,-0.06,2
2026-04-06,23:55:31,377,197241.37,7.65,0.02,-0.04,1515,34059.41,3.22,0.12,0.01,219,353972.62,12.83,0.01,0.24,2
2026-04-06,23:55:33,374,198983.97,7.72,0.02,0.07,1522,33810.77,3.2,0.12,-0.02,220,352272.72,12.77,0.01,-0.06,2
2026-04-06,23:55:35,379,196095.0,7.61,0.02,-0.11,1512,34166.67,3.23,0.12,0.03,221,350588.25,12.71,0.01,-0.06,2
2026-04-06,23:55:37,372,200161.3,7.77,0.02,0.16,1517,33988.14,3.21,0.12,-0.02,221,350588.25,12.71,0.01,0.0,2
2026-04-06,23:55:39,376,197819.14,7.68,0.02,-0.09,1513,34130.87,3.23,0.12,0.01,221,350588.25,12.71,0.01,0.0,2
2026-04-06,23:55:41,374,198983.97,7.72,0.02,0.05,1523,33775.44,3.19,0.13,-0.03,219,353972.62,12.83,0.01,0.12,2
2026-04-06,23:55:43,380,195526.31,7.59,0.02,-0.13,1510,34238.41,3.24,0.12,0.04,222,348918.91,12.65,0.01,-0.18,2
2026-04-06,23:55:45,374,198983.97,7.72,0.02,0.13,1528,33599.48,3.18,0.13,-0.06,223,347264.56,12.59,0.01,-0.06,2
2026-04-06,23:55:47,378,196666.67,7.63,0.02,-0.09,1513,34130.87,3.23,0.12,0.05,224,345625.0,12.53,0.01,-0.06,2
2026-04-06,23:55:49,375,198399.98,7.7,0.02,0.07,1527,33634.58,3.18,0.13,-0.05,221,350588.25,12.71,0.01,0.18,1
2026-04-06,23:55:51,381,194960.63,7.57,0.02,-0.13,1521,33846.15,3.2,0.12,0.02,225,344000.0,12.47,0.01,-0.24,1
2026-04-06,23:55:53,376,197819.14,7.68,0.02,0.11,1522,33810.77,3.2,0.12,-0.0,223,347264.56,12.59,0.01,0.12,1
2026-04-06,23:55:55,378,196666.67,7.63,0.02,-0.04,1524,33740.16,3.19,0.13,-0.01,225,344000.0,12.47,0.01,-0.12,1
2026-04-06,23:55:57,379,196095.0,7.61,0.02,-0.02,1524,33740.16,3.19,0.13,0.0,225,344000.0,12.47,0.01,0.0,1
2026-04-06,23:55:59,379,196095.0,7.61,0.02,0.0,1517,33988.14,3.21,0.12,0.02,224,345625.0,12.53,0.01,0.06,1
2026-04-06,23:56:01,377,197241.37,7.65,0.02,0.04,1520,33881.58,3.2,0.12,-0.01,220,352272.72,12.77,0.01,0.24,1
2026-04-06,23:56:03,374,198983.97,7.72,0.02,0.07,1519,33917.05,3.21,0.12,0.0,223,347264.56,12.59,0.01,-0.18,1
2026-04-06,23:56:05,387,191627.91,7.44,0.02,-0.29,1520,33881.58,3.2,0.12,-0.0,220,352272.72,12.77,0.01,0.18,1
2026-04-06,23:56:07,407,181228.5,7.03,0.02,-0.4,1533,33424.66,3.16,0.13,-0.04,236,327033.91,11.86,0.01,-0.91,1
2026-04-06,23:56:09,498,144457.84,5.61,0.04,-1.43,1538,33250.97,3.14,0.13,-0.02,259,296216.22,10.74,0.01,-1.12,1
2026-04-06,23:56:11,568,124190.13,4.82,0.05,-0.79,1577,31934.05,3.02,0.14,-0.12,289,263391.0,9.55,0.01,-1.19,3
2026-04-06,23:56:13,605,115371.9,4.48,0.06,-0.34,1580,31835.44,3.01,0.14,-0.01,277,275667.87,9.99,0.01,0.45,3
2026-04-06,23:56:15,575,122434.78,4.75,0.05,0.27,1593,31412.43,2.97,0.15,-0.04,270,283333.34,10.27,0.01,0.28,3
2026-04-06,23:56:17,540,131666.67,5.11,0.05,0.36,1575,32000.0,3.02,0.14,0.06,259,296216.22,10.74,0.01,0.47,3
2026-04-06,23:56:19,500,143800.0,5.58,0.04,0.47,1579,31868.27,3.01,0.14,-0.01,252,305000.0,11.06,0.01,0.32,3
2026-04-06,23:56:21,571,123432.58,4.79,0.05,-0.79,1583,31737.21,3.0,0.14,-0.01,274,278905.13,10.11,0.01,-0.95,3
2026-04-06,23:56:23,575,122434.78,4.75,0.05,-0.04,1601,31155.53,2.94,0.15,-0.05,259,296216.22,10.74,0.01,0.63,3
2026-04-06,23:56:25,541,131386.33,5.1,0.05,0.35,1582,31769.91,3.0,0.14,0.06,252,305000.0,11.06,0.01,0.32,4
2026-04-06,23:56:27,510,140588.23,5.46,0.04,0.36,1582,31769.91,3.0,0.14,0.0,244,315655.75,11.44,0.01,0.39,4
2026-04-06,23:56:29,501,143473.05,5.57,0.04,0.11,1576,31967.01,3.02,0.14,0.02,249,308915.69,11.2,0.01,-0.24,4
2026-04-06,23:56:31,500,143800.0,5.58,0.04,0.01,1528,33599.48,3.18,0.13,0.15,274,278905.13,10.11,0.01,-1.09,4
2026-04-06,23:56:33,506,141857.7,5.5,0.04,-0.08,1551,32804.64,3.1,0.13,-0.08,285,267368.41,9.69,0.01,-0.42,4
2026-04-06,23:56:35,494,145789.47,5.66,0.04,0.15,1571,32132.4,3.04,0.14,-0.06,266,287894.75,10.44,0.01,0.74,4
2026-04-06,23:56:37,482,149917.02,5.82,0.03,0.16,1573,32066.12,3.03,0.14,-0.01,262,292595.41,10.61,0.01,0.17,4
2026-04-06,23:56:39,480,150625.0,5.84,0.03,0.03,1582,31769.91,3.0,0.14,-0.03,258,297441.88,10.78,0.01,0.18,1
2026-04-06,23:56:41,458,158820.97,6.16,0.03,0.32,1594,31380.18,2.97,0.15,-0.04,253,303715.41,11.01,0.01,0.23,1
2026-04-06,23:56:43,446,163632.28,6.35,0.03,0.19,1580,31835.44,3.01,0.14,0.04,252,305000.0,11.06,0.01,0.05,1
2026-04-06,23:56:45,440,166136.36,6.45,0.03,0.1,1588,31574.31,2.98,0.14,-0.02,241,319834.03,11.59,0.01,0.54,1
2026-04-06,23:56:47,440,166136.36,6.45,0.03,0.0,1579,31868.27,3.01,0.14,0.03,243,317037.03,11.49,0.01,-0.1,1
2026-04-06,23:56:49,433,169145.5,6.56,0.03,0.12,1590,31509.44,2.98,0.15,-0.03,244,315655.75,11.44,0.01,-0.05,1
2026-04-06,23:56:51,431,170023.2,6.6,0.03,0.03,1569,32198.85,3.04,0.14,0.07,250,307600.0,11.15,0.01,-0.29,1
2026-04-06,23:56:53,422,174075.83,6.75,0.03,0.16,1582,31769.91,3.0,0.14,-0.04,242,318429.75,11.54,0.01,0.39,1
2026-04-06,23:56:55,429,170909.09,6.63,0.03,-0.12,1570,32165.61,3.04,0.14,0.04,245,314285.72,11.39,0.01,-0.15,1
2026-04-06,23:56:57,420,175000.0,6.79,0.03,0.16,1574,32033.04,3.03,0.14,-0.01,239,322677.84,11.7,0.01,0.3,1
2026-04-06,23:56:59,421,174536.81,6.77,0.03,-0.02,1563,32399.23,3.06,0.14,0.03,238,324117.66,11.75,0.01,0.05,1
2026-04-06,23:57:01,412,178786.41,6.94,0.02,0.16,1566,32298.85,3.05,0.14,-0.01,233,331502.16,12.02,0.01,0.27,1
2026-04-06,23:57:03,413,178305.09,6.92,0.02,-0.02,1554,32702.71,3.09,0.13,0.04,230,336086.94,12.18,0.01,0.17,1
2026-04-06,23:57:05,411,179270.08,6.96,0.02,0.04,1547,32941.18,3.11,0.13,0.02,228,339210.53,12.3,0.01,0.11,1
2026-04-06,23:57:07,405,182222.22,7.07,0.02,0.11,1543,33078.42,3.13,0.13,0.01,225,344000.0,12.47,0.01,0.17,1
2026-04-06,23:57:09,406,181724.14,7.05,0.02,-0.02,1538,33250.97,3.14,0.13,0.02,223,347264.56,12.59,0.01,0.12,1
2026-04-06,23:57:11,398,185778.91,7.21,0.02,0.16,1535,33355.05,3.15,0.13,0.01,221,350588.25,12.71,0.01,0.12,1
2026-04-06,23:57:13,399,185263.17,7.19,0.02,-0.02,1534,33389.83,3.16,0.13,0.0,222,348918.91,12.65,0.01,-0.06,1
2026-04-06,23:57:15,393,188396.95,7.31,0.02,0.12,1537,33285.62,3.15,0.13,-0.01,218,355688.06,12.89,0.01,0.25,1
2026-04-06,23:57:17,396,186818.17,7.25,0.02,-0.06,1530,33529.41,3.17,0.13,0.02,222,348918.91,12.65,0.01,-0.25,1
2026-04-06,23:57:19,388,191082.48,7.41,0.02,0.17,1533,33424.66,3.16,0.13,-0.01,218,355688.06,12.89,0.01,0.25,1
2026-04-06,23:57:21,396,186818.17,7.25,0.02,-0.17,1521,33846.15,3.2,0.12,0.04,222,348918.91,12.65,0.01,-0.25,1
2026-04-06,23:57:23,387,191627.91,7.44,0.02,0.19,1534,33389.83,3.16,0.13,-0.04,216,359166.66,13.02,0.01,0.37,1
2026-04-06,23:57:25,390,190000.0,7.37,0.02,-0.06,1518,33952.57,3.21,0.12,0.05,221,350588.25,12.71,0.01,-0.31,1
2026-04-06,23:57:27,385,192727.27,7.48,0.02,0.11,1529,33564.42,3.17,0.13,-0.04,218,355688.06,12.89,0.01,0.18,1
2026-04-06,23:57:29,393,188396.95,7.31,0.02,-0.17,1520,33881.58,3.2,0.12,0.03,220,352272.72,12.77,0.01,-0.12,1
2026-04-06,23:57:31,384,193281.27,7.5,0.02,0.19,1521,33846.15,3.2,0.12,-0.0,214,362710.28,13.15,0.01,0.38,1
2026-04-06,23:57:33,389,190539.86,7.39,0.02,-0.11,1517,33988.14,3.21,0.12,0.01,217,357419.38,12.96,0.01,-0.19,1
2026-04-06,23:57:35,385,192727.27,7.48,0.02,0.08,1517,33988.14,3.21,0.12,0.0,212,366320.78,13.28,0.01,0.32,1
2026-04-06,23:57:37,383,193838.12,7.52,0.02,0.04,1513,34130.87,3.23,0.12,0.01,216,359166.66,13.02,0.01,-0.26,1
2026-04-06,23:57:39,379,196095.0,7.61,0.02,0.09,1509,34274.36,3.24,0.12,0.01,211,368151.66,13.35,0.01,0.33,1
2026-04-06,23:57:41,380,195526.31,7.59,0.02,-0.02,1513,34130.87,3.23,0.12,-0.01,211,368151.66,13.35,0.01,0.0,1
2026-04-06,23:57:43,383,193838.12,7.52,0.02,-0.07,1504,34454.79,3.26,0.12,0.03,209,371866.03,13.48,0.01,0.13,1
2026-04-06,23:57:45,383,193838.12,7.52,0.02,0.0,1510,34238.41,3.24,0.12,-0.02,208,373750.0,13.55,0.01,0.07,1
2026-04-06,23:57:47,380,195526.31,7.59,0.02,0.07,1505,34418.61,3.25,0.12,0.02,211,368151.66,13.35,0.01,-0.2,1
2026-04-06,23:57:49,384,193281.27,7.5,0.02,-0.09,1509,34274.36,3.24,0.12,-0.01,207,375652.19,13.62,0.01,0.27,1
2026-04-06,23:57:51,379,196095.0,7.61,0.02,0.11,1497,34709.42,3.28,0.12,0.04,212,366320.78,13.28,0.01,-0.34,1
2026-04-06,23:57:53,377,197241.37,7.65,0.02,0.04,1514,34095.11,3.22,0.12,-0.06,207,375652.19,13.62,0.01,0.34,1
2026-04-06,23:57:55,378,196666.67,7.63,0.02,-0.02,1495,34782.61,3.29,0.12,0.06,210,370000.0,13.41,0.01,-0.2,1
2026-04-06,23:57:57,374,198983.97,7.72,0.02,0.09,1507,34346.38,3.25,0.12,-0.04,208,373750.0,13.55,0.01,0.14,1
2026-04-06,23:57:59,377,197241.37,7.65,0.02,-0.07,1496,34745.99,3.28,0.12,0.04,210,370000.0,13.41,0.01,-0.14,1
2026-04-06,23:58:01,376,197819.14,7.68,0.02,0.02,1512,34166.67,3.23,0.12,-0.05,208,373750.0,13.55,0.01,0.14,1
2026-04-06,23:58:03,372,200161.3,7.77,0.02,0.09,1494,34819.28,3.29,0.12,0.06,208,373750.0,13.55,0.01,0.0,1
2026-04-06,23:58:05,374,198983.97,7.72,0.02,-0.05,1496,34745.99,3.28,0.12,-0.01,205,379512.19,13.76,0.01,0.21,1
2026-04-06,23:58:07,374,198983.97,7.72,0.02,0.0,1494,34819.28,3.29,0.12,0.01,209,371866.03,13.48,0.01,-0.28,1
2026-04-06,23:58:09,375,198399.98,7.7,0.02,-0.02,1497,34709.42,3.28,0.12,-0.01,206,377572.81,13.69,0.01,0.21,1
2026-04-06,23:58:11,375,198399.98,7.7,0.02,0.0,1495,34782.61,3.29,0.12,0.01,207,375652.19,13.62,0.01,-0.07,1
2026-04-06,23:58:13,373,199571.05,7.74,0.02,0.05,1495,34782.61,3.29,0.12,0.0,208,373750.0,13.55,0.01,-0.07,1
2026-04-06,23:58:15,374,198983.97,7.72,0.02,-0.02,1498,34672.89,3.28,0.12,-0.01,206,377572.81,13.69,0.01,0.14,1
2026-04-06,23:58:17,374,198983.97,7.72,0.02,0.0,1490,34966.45,3.3,0.12,0.03,208,373750.0,13.55,0.01,-0.14,1
2026-04-06,23:58:19,370,201351.34,7.81,0.02,0.09,1493,34856.0,3.29,0.12,-0.01,204,381470.59,13.83,0.01,0.28,1
2026-04-06,23:58:21,375,198399.98,7.7,0.02,-0.11,1483,35225.89,3.33,0.11,0.03,207,375652.19,13.62,0.01,-0.21,1
2026-04-06,23:58:23,369,201951.23,7.84,0.02,0.14,1497,34709.42,3.28,0.12,-0.05,207,375652.19,13.62,0.01,0.0,1
2026-04-06,23:58:25,377,197241.37,7.65,0.02,-0.18,1485,35151.52,3.32,0.12,0.04,206,377572.81,13.69,0.01,0.07,1
2026-04-06,23:58:27,370,201351.34,7.81,0.02,0.16,1499,34636.42,3.27,0.12,-0.05,203,383448.28,13.9,0.01,0.21,1
2026-04-06,23:58:29,379,196095.0,7.61,0.02,-0.2,1486,35114.4,3.32,0.12,0.05,206,377572.81,13.69,0.01,-0.21,1
2026-04-06,23:58:31,374,198983.97,7.72,0.02,0.11,1499,34636.42,3.27,0.12,-0.05,204,381470.59,13.83,0.01,0.14,1
2026-04-06,23:58:33,374,198983.97,7.72,0.02,0.0,1485,35151.52,3.32,0.12,0.05,206,377572.81,13.69,0.01,-0.14,1
2026-04-06,23:58:35,373,199571.05,7.74,0.02,0.02,1497,34709.42,3.28,0.12,-0.04,207,375652.19,13.62,0.01,-0.07,1
2026-04-06,23:58:37,378,196666.67,7.63,0.02,-0.11,1493,34856.0,3.29,0.12,0.01,214,362710.28,13.15,0.01,-0.47,1
2026-04-06,23:58:39,371,200754.72,7.79,0.02,0.16,1505,34418.61,3.25,0.12,-0.04,212,366320.78,13.28,0.01,0.13,1
2026-04-06,23:58:41,372,200161.3,7.77,0.02,-0.02,1499,34636.42,3.27,0.12,0.02,213,364507.03,13.21,0.01,-0.07,1
2026-04-06,23:58:43,372,200161.3,7.77,0.02,0.0,1499,34636.42,3.27,0.12,0.0,211,368151.66,13.35,0.01,0.13,1
2026-04-06,23:58:45,375,198399.98,7.7,0.02,-0.07,1499,34636.42,3.27,0.12,0.0,212,366320.78,13.28,0.01,-0.07,1
2026-04-06,23:58:47,374,198983.97,7.72,0.02,0.02,1495,34782.61,3.29,0.12,0.01,212,366320.78,13.28,0.01,0.0,1
2026-04-06,23:58:49,372,200161.3,7.77,0.02,0.05,1496,34745.99,3.28,0.12,-0.0,209,371866.03,13.48,0.01,0.2,1
2026-04-06,23:58:51,373,199571.05,7.74,0.02,-0.02,1488,35040.32,3.31,0.12,0.03,211,368151.66,13.35,0.01,-0.13,1
2026-04-06,23:58:53,371,200754.72,7.79,0.02,0.05,1494,34819.28,3.29,0.12,-0.02,208,373750.0,13.55,0.01,0.2,1
2026-04-06,23:58:55,368,202554.36,7.86,0.02,0.07,1487,35077.34,3.31,0.12,0.02,210,370000.0,13.41,0.01,-0.14,1
2026-04-06,23:58:57,366,203770.48,7.91,0.02,0.05,1499,34636.42,3.27,0.12,-0.04,204,381470.59,13.83,0.01,0.42,1
2026-04-06,23:58:59,372,200161.3,7.77,0.02,-0.14,1483,35225.89,3.33,0.11,0.06,208,373750.0,13.55,0.01,-0.28,1
2026-04-06,23:59:01,365,204383.55,7.93,0.02,0.16,1498,34672.89,3.28,0.12,-0.05,207,375652.19,13.62,0.01,0.07,1
2026-04-06,23:59:03,375,198399.98,7.7,0.02,-0.23,1491,34929.58,3.3,0.12,0.02,215,360930.22,13.08,0.01,-0.53,1
2026-04-06,23:59:05,371,200754.72,7.79,0.02,0.09,1508,34310.34,3.24,0.12,-0.06,216,359166.66,13.02,0.01,-0.06,1
2026-04-06,23:59:07,376,197819.14,7.68,0.02,-0.11,1497,34709.42,3.28,0.12,0.04,217,357419.38,12.96,0.01,-0.06,1
2026-04-06,23:59:09,372,200161.3,7.77,0.02,0.09,1503,34491.02,3.26,0.12,-0.02,211,368151.66,13.35,0.01,0.39,1
2026-04-06,23:59:11,373,199571.05,7.74,0.02,-0.02,1496,34745.99,3.28,0.12,0.02,211,368151.66,13.35,0.01,0.0,1
2026-04-06,23:59:13,375,198399.98,7.7,0.02,-0.05,1505,34418.61,3.25,0.12,-0.03,208,373750.0,13.55,0.01,0.2,1
2026-04-06,23:59:15,374,198983.97,7.72,0.02,0.02,1498,34672.89,3.28,0.12,0.02,211,368151.66,13.35,0.01,-0.2,1
2026-04-06,23:59:17,374,198983.97,7.72,0.02,0.0,1501,34563.62,3.27,0.12,-0.01,211,368151.66,13.35,0.01,0.0,1
2026-04-06,23:59:19,371,200754.72,7.79,0.02,0.07,1503,34491.02,3.26,0.12,-0.01,211,368151.66,13.35,0.01,0.0,1
2026-04-06,23:59:21,368,202554.36,7.86,0.02,0.07,1500,34600.0,3.27,0.12,0.01,209,371866.03,13.48,0.01,0.13,1
2026-04-06,23:59:23,372,200161.3,7.77,0.02,-0.09,1502,34527.3,3.26,0.12,-0.01,208,373750.0,13.55,0.01,0.07,1
2026-04-06,23:59:25,374,198983.97,7.72,0.02,-0.05,1497,34709.42,3.28,0.12,0.02,211,368151.66,13.35,0.01,-0.2,1
2026-04-06,23:59:27,369,201951.23,7.84,0.02,0.12,1504,34454.79,3.26,0.12,-0.02,205,379512.19,13.76,0.01,0.41,1
2026-04-06,23:59:29,370,201351.34,7.81,0.02,-0.02,1484,35188.68,3.33,0.11,0.07,207,375652.19,13.62,0.01,-0.14,1
2026-04-06,23:59:31,363,205619.84,7.98,0.02,0.17,1497,34709.42,3.28,0.12,-0.05,203,383448.28,13.9,0.01,0.28,1
2026-04-06,23:59:33,370,201351.34,7.81,0.02,-0.17,1487,35077.34,3.31,0.12,0.03,207,375652.19,13.62,0.01,-0.28,1
2026-04-06,23:59:35,366,203770.48,7.91,0.02,0.09,1504,34454.79,3.26,0.12,-0.06,205,379512.19,13.76,0.01,0.14,1
2026-04-06,23:59:37,369,201951.23,7.84,0.02,-0.07,1485,35151.52,3.32,0.12,0.07,207,375652.19,13.62,0.01,-0.14,1
2026-04-06,23:59:39,366,203770.48,7.91,0.02,0.07,1497,34709.42,3.28,0.12,-0.04,206,377572.81,13.69,0.01,0.07,1
2026-04-06,23:59:41,371,200754.72,7.79,0.02,-0.12,1487,35077.34,3.31,0.12,0.03,212,366320.78,13.28,0.01,-0.41,1
2026-04-06,23:59:43,373,199571.05,7.74,0.02,-0.05,1499,34636.42,3.27,0.12,-0.04,213,364507.03,13.21,0.01,-0.07,1
2026-04-06,23:59:45,379,196095.0,7.61,0.02,-0.13,1499,34636.42,3.27,0.12,0.0,219,353972.62,12.83,0.01,-0.38,1
2026-04-06,23:59:47,376,197819.14,7.68,0.02,0.07,1511,34202.52,3.23,0.12,-0.04,222,348918.91,12.65,0.01,-0.18,1
2026-04-06,23:59:49,379,196095.0,7.61,0.02,-0.07,1506,34382.47,3.25,0.12,0.02,221,350588.25,12.71,0.01,0.06,1
2026-04-06,23:59:51,384,193281.27,7.5,0.02,-0.11,1514,34095.11,3.22,0.12,-0.03,222,348918.91,12.65,0.01,-0.06,1
2026-04-06,23:59:53,381,194960.63,7.57,0.02,0.07,1518,33952.57,3.21,0.12,-0.01,222,348918.91,12.65,0.01,0.0,1
2026-04-06,23:59:55,385,192727.27,7.48,0.02,-0.09,1517,33988.14,3.21,0.12,0.0,220,352272.72,12.77,0.01,0.12,1
2026-04-06,23:59:57,384,193281.27,7.5,0.02,0.02,1526,33669.72,3.18,0.13,-0.03,218,355688.06,12.89,0.01,0.12,1
2026-04-06,23:59:59,382,194397.91,7.54,0.02,0.04,1513,34130.87,3.23,0.12,0.04,220,352272.72,12.77,0.01,-0.12,1
2026-04-07,00:00:01,379,196095.0,7.61,0.02,0.07,1522,33810.77,3.2,0.12,-0.03,218,355688.06,12.89,0.01,0.12,1
2026-04-07,00:00:03,378,196666.67,7.63,0.02,0.02,1513,34130.87,3.23,0.12,0.03,220,352272.72,12.77,0.01,-0.12,1
2026-04-07,00:00:05,379,196095.0,7.61,0.02,-0.02,1518,33952.57,3.21,0.12,-0.02,216,359166.66,13.02,0.01,0.25,1
2026-04-07,00:00:07,388,191082.48,7.41,0.02,-0.19,1512,34166.67,3.23,0.12,0.02,221,350588.25,12.71,0.01,-0.31,1
2026-04-07,00:00:09,372,200161.3,7.77,0.02,0.35,1521,33846.15,3.2,0.12,-0.03,215,360930.22,13.08,0.01,0.37,1
2026-04-07,00:00:11,388,191082.48,7.41,0.02,-0.35,1512,34166.67,3.23,0.12,0.03,217,357419.38,12.96,0.01,-0.13,1
2026-04-07,00:00:13,377,197241.37,7.65,0.02,0.24,1517,33988.14,3.21,0.12,-0.02,213,364507.03,13.21,0.01,0.26,1
2026-04-07,00:00:15,377,197241.37,7.65,0.02,0.0,1510,34238.41,3.24,0.12,0.02,216,359166.66,13.02,0.01,-0.19,1
2026-04-07,00:00:17,377,197241.37,7.65,0.02,0.0,1524,33740.16,3.19,0.13,-0.05,220,352272.72,12.77,0.01,-0.25,1
2026-04-07,00:00:19,383,193838.12,7.52,0.02,-0.13,1524,33740.16,3.19,0.13,0.0,223,347264.56,12.59,0.01,-0.18,1
2026-04-07,00:00:21,378,196666.67,7.63,0.02,0.11,1525,33704.92,3.19,0.13,-0.0,226,342389.38,12.41,0.01,-0.18,1
2026-04-07,00:00:23,390,190000.0,7.37,0.02,-0.26,1527,33634.58,3.18,0.13,-0.01,228,339210.53,12.3,0.01,-0.12,1
2026-04-07,00:00:25,387,191627.91,7.44,0.02,0.06,1529,33564.42,3.17,0.13,-0.01,231,334545.47,12.13,0.01,-0.17,1
2026-04-07,00:00:27,384,193281.27,7.5,0.02,0.06,1530,33529.41,3.17,0.13,-0.0,231,334545.47,12.13,0.01,0.0,1
2026-04-07,00:00:29,387,191627.91,7.44,0.02,-0.06,1528,33599.48,3.18,0.13,0.01,230,336086.94,12.18,0.01,0.06,1
2026-04-07,00:00:31,381,194960.63,7.57,0.02,0.13,1531,33494.45,3.17,0.13,-0.01,225,344000.0,12.47,0.01,0.29,1
2026-04-07,00:00:33,384,193281.27,7.5,0.02,-0.07,1528,33599.48,3.18,0.13,0.01,222,348918.91,12.65,0.01,0.18,1
2026-04-07,00:00:35,383,193838.12,7.52,0.02,0.02,1535,33355.05,3.15,0.13,-0.02,218,355688.06,12.89,0.01,0.25,1
2026-04-07,00:00:37,388,191082.48,7.41,0.02,-0.11,1525,33704.92,3.19,0.13,0.03,223,347264.56,12.59,0.01,-0.31,1
2026-04-07,00:00:39,376,197819.14,7.68,0.02,0.26,1532,33459.53,3.16,0.13,-0.02,218,355688.06,12.89,0.01,0.31,1
2026-04-07,00:00:41,384,193281.27,7.5,0.02,-0.18,1520,33881.58,3.2,0.12,0.04,220,352272.72,12.77,0.01,-0.12,1
2026-04-07,00:00:43,376,197819.14,7.68,0.02,0.18,1531,33494.45,3.17,0.13,-0.04,219,353972.62,12.83,0.01,0.06,1
2026-04-07,00:00:45,383,193838.12,7.52,0.02,-0.15,1521,33846.15,3.2,0.12,0.03,223,347264.56,12.59,0.01,-0.24,1
2026-04-07,00:00:47,380,195526.31,7.59,0.02,0.07,1524,33740.16,3.19,0.13,-0.01,215,360930.22,13.08,0.01,0.5,1
2026-04-07,00:00:49,382,194397.91,7.54,0.02,-0.04,1521,33846.15,3.2,0.12,0.01,218,355688.06,12.89,0.01,-0.19,1
2026-04-07,00:00:51,375,198399.98,7.7,0.02,0.16,1521,33846.15,3.2,0.12,0.0,215,360930.22,13.08,0.01,0.19,1
2026-04-07,00:00:53,379,196095.0,7.61,0.02,-0.09,1522,33810.77,3.2,0.12,-0.0,218,355688.06,12.89,0.01,-0.19,1
2026-04-07,00:00:55,377,197241.37,7.65,0.02,0.04,1521,33846.15,3.2,0.12,0.0,216,359166.66,13.02,0.01,0.13,1
2026-04-07,00:00:57,378,196666.67,7.63,0.02,-0.02,1524,33740.16,3.19,0.13,-0.01,220,352272.72,12.77,0.01,-0.25,1
2026-04-07,00:00:59,381,194960.63,7.57,0.02,-0.07,1522,33810.77,3.2,0.12,0.01,225,344000.0,12.47,0.01,-0.3,1
2026-04-07,00:01:01,391,189462.91,7.35,0.02,-0.21,1532,33459.53,3.16,0.13,-0.03,229,337641.94,12.24,0.01,-0.23,1
2026-04-07,00:01:03,391,189462.91,7.35,0.02,0.0,1526,33669.72,3.18,0.13,0.02,235,328510.63,11.91,0.01,-0.33,1
2026-04-07,00:01:05,386,192176.16,7.46,0.02,0.11,1545,33009.71,3.12,0.13,-0.06,235,328510.63,11.91,0.01,0.0,1
2026-04-07,00:01:07,389,190539.86,7.39,0.02,-0.06,1536,33320.32,3.15,0.13,0.03,241,319834.03,11.59,0.01,-0.31,1
2026-04-07,00:01:09,390,190000.0,7.37,0.02,-0.02,1560,32500.0,3.07,0.14,-0.08,239,322677.84,11.7,0.01,0.1,1
2026-04-07,00:01:11,387,191627.91,7.44,0.02,0.06,1538,33250.97,3.14,0.13,0.07,240,321250.0,11.65,0.01,-0.05,1
2026-04-07,00:01:13,390,190000.0,7.37,0.02,-0.06,1563,32399.23,3.06,0.14,-0.08,239,322677.84,11.7,0.01,0.05,1
2026-04-07,00:01:15,394,187868.03,7.29,0.02,-0.08,1543,33078.42,3.13,0.13,0.06,241,319834.03,11.59,0.01,-0.1,1
2026-04-07,00:01:17,392,188928.58,7.33,0.02,0.04,1567,32265.47,3.05,0.14,-0.08,240,321250.0,11.65,0.01,0.05,1
2026-04-07,00:01:19,398,185778.91,7.21,0.02,-0.12,1562,32432.78,3.06,0.14,0.02,243,317037.03,11.49,0.01,-0.15,1
2026-04-07,00:01:21,395,187341.77,7.27,0.02,0.06,1561,32466.37,3.07,0.14,0.0,238,324117.66,11.75,0.01,0.26,1
2026-04-07,00:01:23,389,190539.86,7.39,0.02,0.12,1554,32702.71,3.09,0.13,0.02,242,318429.75,11.54,0.01,-0.21,1
2026-04-07,00:01:25,387,191627.91,7.44,0.02,0.04,1564,32365.73,3.06,0.14,-0.03,239,322677.84,11.7,0.01,0.15,1
2026-04-07,00:01:27,401,184239.41,7.15,0.02,-0.29,1570,32165.61,3.04,0.14,-0.02,239,322677.84,11.7,0.01,0.0,1
2026-04-07,00:01:29,399,185263.17,7.19,0.02,0.04,1568,32232.14,3.05,0.14,0.01,240,321250.0,11.65,0.01,-0.05,1
2026-04-07,00:01:31,395,187341.77,7.27,0.02,0.08,1573,32066.12,3.03,0.14,-0.02,238,324117.66,11.75,0.01,0.1,1
2026-04-07,00:01:33,400,184750.0,7.17,0.02,-0.1,1568,32232.14,3.05,0.14,0.02,241,319834.03,11.59,0.01,-0.16,1
2026-04-07,00:01:35,392,188928.58,7.33,0.02,0.16,1580,31835.44,3.01,0.14,-0.04,239,322677.84,11.7,0.01,0.1,1
2026-04-07,00:01:37,394,187868.03,7.29,0.02,-0.04,1569,32198.85,3.04,0.14,0.03,238,324117.66,11.75,0.01,0.05,1
2026-04-07,00:01:39,393,188396.95,7.31,0.02,0.02,1581,31802.65,3.01,0.14,-0.04,239,322677.84,11.7,0.01,-0.05,1
2026-04-07,00:01:41,402,183731.34,7.13,0.02,-0.18,1570,32165.61,3.04,0.14,0.03,251,306294.81,11.1,0.01,-0.59,1
2026-04-07,00:01:43,401,184239.41,7.15,0.02,0.02,1586,31639.34,2.99,0.14,-0.05,251,306294.81,11.1,0.01,0.0,0
2026-04-07,00:01:45,403,183225.81,7.11,0.02,-0.04,1577,31934.05,3.02,0.14,0.03,254,302440.97,10.96,0.01,-0.14,0
2026-04-07,00:01:47,394,187868.03,7.29,0.02,0.18,1592,31444.72,2.97,0.15,-0.05,248,310241.94,11.25,0.01,0.28,0
2026-04-07,00:01:49,401,184239.41,7.15,0.02,-0.14,1579,31868.27,3.01,0.14,0.04,253,303715.41,11.01,0.01,-0.24,0
2026-04-07,00:01:51,396,186818.17,7.25,0.02,0.1,1587,31606.8,2.99,0.14,-0.02,244,315655.75,11.44,0.01,0.43,0
2026-04-07,00:01:53,393,188396.95,7.31,0.02,0.06,1582,31769.91,3.0,0.14,0.02,243,317037.03,11.49,0.01,0.05,0
2026-04-07,00:01:55,397,186297.23,7.23,0.02,-0.08,1581,31802.65,3.01,0.14,0.0,243,317037.03,11.49,0.01,0.0,0
2026-04-07,00:01:57,401,184239.41,7.15,0.02,-0.08,1578,31901.14,3.01,0.14,0.01,240,321250.0,11.65,0.01,0.15,0
2026-04-07,00:01:59,397,186297.23,7.23,0.02,0.08,1573,32066.12,3.03,0.14,0.02,237,325569.59,11.8,0.01,0.16,0
2026-04-07,00:02:01,804,81865.67,3.18,0.13,-4.05,1681,28721.0,2.71,0.18,-0.32,509,140903.73,5.11,0.05,-6.69,0
2026-04-07,00:02:03,796,82889.45,3.22,0.12,0.04,1865,23914.21,2.26,0.26,-0.45,506,141857.7,5.14,0.05,0.03,0
2026-04-07,00:02:05,707,95841.59,3.72,0.09,0.5,1872,23750.0,2.24,0.26,-0.02,441,165714.28,6.01,0.03,0.86,0
2026-04-07,00:02:07,652,105613.49,4.1,0.07,0.38,1850,24270.27,2.29,0.25,0.05,396,186818.17,6.77,0.03,0.77,0
2026-04-07,00:02:09,603,115820.89,4.49,0.06,0.4,1828,24803.06,2.34,0.24,0.05,344,218081.41,7.91,0.02,1.13,1
2026-04-07,00:02:11,565,124955.75,4.85,0.05,0.35,1793,25677.64,2.43,0.22,0.08,325,231999.98,8.41,0.02,0.5,1
2026-04-07,00:02:13,538,132230.48,5.13,0.05,0.28,1786,25856.66,2.44,0.22,0.02,305,248524.59,9.01,0.01,0.6,1
2026-04-07,00:02:15,524,136297.7,5.29,0.04,0.16,1759,26560.54,2.51,0.21,0.07,303,250297.03,9.07,0.01,0.06,1
2026-04-07,00:02:17,503,142823.06,5.54,0.04,0.25,1757,26613.54,2.51,0.21,0.01,301,252093.03,9.14,0.01,0.07,1
2026-04-07,00:02:19,506,141857.7,5.5,0.04,-0.04,1738,27123.13,2.56,0.2,0.05,303,250297.03,9.07,0.01,-0.07,1
2026-04-07,00:02:21,486,148518.52,5.76,0.04,0.26,1736,27177.42,2.57,0.2,0.01,288,264375.0,9.58,0.01,0.51,1
2026-04-07,00:02:23,494,145789.47,5.66,0.04,-0.11,1715,27755.1,2.62,0.19,0.05,287,265365.84,9.62,0.01,0.04,1
2026-04-07,00:02:25,480,150625.0,5.84,0.03,0.19,1710,27894.74,2.64,0.19,0.01,274,278905.13,10.11,0.01,0.49,1
2026-04-07,00:02:27,470,154255.31,5.99,0.03,0.14,1697,28261.64,2.67,0.18,0.03,272,281102.94,10.19,0.01,0.08,1
2026-04-07,00:02:29,459,158431.36,6.15,0.03,0.16,1692,28404.26,2.68,0.18,0.01,270,283333.34,10.27,0.01,0.08,1
2026-04-07,00:02:31,457,159212.25,6.18,0.03,0.03,1681,28721.0,2.71,0.18,0.03,270,283333.34,10.27,0.01,0.0,1
2026-04-07,00:02:33,461,157657.27,6.12,0.03,-0.06,1678,28808.1,2.72,0.18,0.01,270,283333.34,10.27,0.01,0.0,1
2026-04-07,00:02:35,456,159605.27,6.19,0.03,0.08,1673,28953.98,2.74,0.17,0.01,269,284460.97,10.31,0.01,0.04,1
2026-04-07,00:02:37,453,160794.7,6.24,0.03,0.05,1669,29071.3,2.75,0.17,0.01,271,282214.03,10.23,0.01,-0.08,1
2026-04-07,00:02:39,452,161194.69,6.26,0.03,0.02,1669,29071.3,2.75,0.17,0.0,264,290227.28,10.52,0.01,0.29,1
2026-04-07,00:02:41,450,162000.0,6.29,0.03,0.03,1646,29756.99,2.81,0.16,0.06,262,292595.41,10.61,0.01,0.09,1
2026-04-07,00:02:43,442,165294.12,6.41,0.03,0.13,1656,29456.52,2.78,0.17,-0.03,258,297441.88,10.78,0.01,0.18,1
2026-04-07,00:02:45,440,166136.36,6.45,0.03,0.03,1632,30183.82,2.85,0.16,0.07,257,298677.03,10.83,0.01,0.04,1
2026-04-07,00:02:47,439,166560.36,6.46,0.03,0.02,1646,29756.99,2.81,0.16,-0.04,250,307600.0,11.15,0.01,0.32,1
2026-04-07,00:02:49,437,167414.19,6.5,0.03,0.03,1623,30462.11,2.88,0.16,0.07,248,310241.94,11.25,0.01,0.1,4
2026-04-07,00:02:51,440,166136.36,6.45,0.03,-0.05,1630,30245.4,2.86,0.16,-0.02,241,319834.03,11.59,0.01,0.35,4
2026-04-07,00:02:53,462,157272.73,6.1,0.03,-0.34,1634,30122.4,2.85,0.16,-0.01,265,289056.59,10.48,0.01,-1.12,4
2026-04-07,00:02:55,457,159212.25,6.18,0.03,0.08,1650,29636.37,2.8,0.17,-0.05,262,292595.41,10.61,0.01,0.13,4
2026-04-07,00:02:57,449,162405.34,6.3,0.03,0.12,1642,29878.2,2.82,0.16,0.02,261,293793.09,10.65,0.01,0.04,4
2026-04-07,00:02:59,440,166136.36,6.45,0.03,0.14,1644,29817.52,2.82,0.16,-0.01,254,302440.97,10.96,0.01,0.31,0
2026-04-07,00:03:01,436,167844.03,6.51,0.03,0.07,1629,30276.24,2.86,0.16,0.04,252,305000.0,11.06,0.01,0.09,0
2026-04-07,00:03:03,431,170023.2,6.6,0.03,0.08,1628,30307.12,2.86,0.16,0.0,243,317037.03,11.49,0.01,0.44,0
2026-04-07,00:03:05,427,171803.28,6.67,0.03,0.07,1621,30524.37,2.88,0.16,0.02,243,317037.03,11.49,0.01,0.0,0
2026-04-07,00:03:07,422,174075.83,6.75,0.03,0.09,1614,30743.5,2.91,0.15,0.02,243,317037.03,11.49,0.01,0.0,0
2026-04-07,00:03:09,418,175933.02,6.83,0.02,0.07,1617,30649.35,2.9,0.15,-0.01,239,322677.84,11.7,0.01,0.2,0
2026-04-07,00:03:11,418,175933.02,6.83,0.02,0.0,1605,31028.04,2.93,0.15,0.04,241,319834.03,11.59,0.01,-0.1,0
2026-04-07,00:03:13,412,178786.41,6.94,0.02,0.11,1597,31283.66,2.96,0.15,0.02,238,324117.66,11.75,0.01,0.16,0
2026-04-07,00:03:15,417,176402.87,6.85,0.02,-0.09,1598,31251.56,2.95,0.15,-0.0,241,319834.03,11.59,0.01,-0.16,0
2026-04-07,00:03:17,409,180244.5,6.99,0.02,0.15,1610,30869.57,2.92,0.15,-0.04,236,327033.91,11.86,0.01,0.26,4
2026-04-07,00:03:19,420,175000.0,6.79,0.03,-0.2,1594,31380.18,2.97,0.15,0.05,240,321250.0,11.65,0.01,-0.21,4
2026-04-07,00:03:21,458,158820.97,6.16,0.03,-0.63,1611,30837.99,2.91,0.15,-0.05,237,325569.59,11.8,0.01,0.16,4
2026-04-07,00:03:23,479,150981.2,5.86,0.03,-0.3,1624,30431.03,2.88,0.16,-0.04,241,319834.03,11.59,0.01,-0.21,4
2026-04-07,00:03:25,455,160000.0,6.21,0.03,0.35,1642,29878.2,2.82,0.16,-0.05,239,322677.84,11.7,0.01,0.1,4
2026-04-07,00:03:27,445,164044.94,6.37,0.03,0.16,1624,30431.03,2.88,0.16,0.05,245,314285.72,11.39,0.01,-0.3,4
2026-04-07,00:03:29,433,169145.5,6.56,0.03,0.2,1640,29939.02,2.83,0.16,-0.05,250,307600.0,11.15,0.01,-0.24,4
2026-04-07,00:03:31,435,168275.86,6.53,0.03,-0.03,1644,29817.52,2.82,0.16,-0.01,290,262413.78,9.51,0.01,-1.64,4
2026-04-07,00:03:33,435,168275.86,6.53,0.03,0.0,1728,27395.83,2.59,0.2,-0.23,370,201351.34,7.3,0.02,-2.21,3
2026-04-07,00:03:35,434,168709.69,6.55,0.03,0.02,1758,26587.03,2.51,0.21,-0.08,356,210056.17,7.62,0.02,0.32,3
2026-04-07,00:03:37,430,170465.11,6.61,0.03,0.07,1772,26218.96,2.48,0.21,-0.03,342,219473.69,7.96,0.02,0.34,3
2026-04-07,00:03:39,441,165714.28,6.43,0.03,-0.18,1764,26428.57,2.5,0.21,0.02,326,231226.98,8.38,0.02,0.43,2
2026-04-07,00:03:41,438,166986.31,6.48,0.03,0.05,1749,26826.76,2.54,0.2,0.04,303,250297.03,9.07,0.01,0.69,2
2026-04-07,00:03:43,438,166986.31,6.48,0.03,0.0,1737,27150.26,2.57,0.2,0.03,290,262413.78,9.51,0.01,0.44,3
2026-04-07,00:03:45,443,164875.84,6.4,0.03,-0.08,1725,27478.26,2.6,0.19,0.03,285,267368.41,9.69,0.01,0.18,3
2026-04-07,00:03:47,436,167844.03,6.51,0.03,0.12,1725,27478.26,2.6,0.19,0.0,281,271459.09,9.84,0.01,0.15,3
2026-04-07,00:03:49,432,169583.33,6.58,0.03,0.07,1728,27395.83,2.59,0.2,-0.01,289,263391.0,9.55,0.01,-0.29,3
2026-04-07,00:03:51,428,171355.14,6.65,0.03,0.07,1721,27588.61,2.61,0.19,0.02,299,253913.03,9.21,0.01,-0.34,1
2026-04-07,00:03:53,427,171803.28,6.67,0.03,0.02,1696,28290.1,2.67,0.18,0.07,299,253913.03,9.21,0.01,0.0,1
2026-04-07,00:03:55,418,175933.02,6.83,0.02,0.16,1708,27950.82,2.64,0.19,-0.03,296,256689.19,9.31,0.01,0.1,1
2026-04-07,00:03:57,429,170909.09,6.63,0.03,-0.19,1693,28375.67,2.68,0.18,0.04,294,258571.42,9.37,0.01,0.07,1
2026-04-07,00:03:59,424,173160.39,6.72,0.03,0.09,1699,28204.82,2.67,0.18,-0.02,280,272500.0,9.88,0.01,0.5,1
2026-04-07,00:04:01,419,175465.41,6.81,0.02,0.09,1682,28692.03,2.71,0.18,0.05,278,274604.31,9.96,0.01,0.08,1
2026-04-07,00:04:03,410,179756.09,6.98,0.02,0.17,1676,28866.35,2.73,0.17,0.02,263,291406.84,10.56,0.01,0.61,1
2026-04-07,00:04:05,416,176875.0,6.86,0.02,-0.11,1665,29189.19,2.76,0.17,0.03,259,296216.22,10.74,0.01,0.17,1
2026-04-07,00:04:07,412,178786.41,6.94,0.02,0.07,1656,29456.52,2.78,0.17,0.03,253,303715.41,11.01,0.01,0.27,1
2026-04-07,00:04:09,409,180244.5,6.99,0.02,0.06,1648,29696.6,2.81,0.16,0.02,250,307600.0,11.15,0.01,0.14,1
2026-04-07,00:04:11,411,179270.08,6.96,0.02,-0.04,1643,29847.84,2.82,0.16,0.01,250,307600.0,11.15,0.01,0.0,1
2026-04-07,00:04:13,410,179756.09,6.98,0.02,0.02,1637,30030.54,2.84,0.16,0.02,250,307600.0,11.15,0.01,0.0,1
2026-04-07,00:04:15,407,181228.5,7.03,0.02,0.06,1629,30276.24,2.86,0.16,0.02,253,303715.41,11.01,0.01,-0.14,1
2026-04-07,00:04:17,404,182722.78,7.09,0.02,0.06,1639,29969.49,2.83,0.16,-0.03,257,298677.03,10.83,0.01,-0.18,0
2026-04-07,00:04:19,415,177349.39,6.88,0.02,-0.21,1626,30369.0,2.87,0.16,0.04,259,296216.22,10.74,0.01,-0.09,0
2026-04-07,00:04:21,413,178305.09,6.92,0.02,0.04,1632,30183.82,2.85,0.16,-0.02,253,303715.41,11.01,0.01,0.27,0
2026-04-07,00:04:23,419,175465.41,6.81,0.02,-0.11,1617,30649.35,2.9,0.15,0.04,255,301176.47,10.92,0.01,-0.09,0
2026-04-07,00:04:25,406,181724.14,7.05,0.02,0.24,1628,30307.12,2.86,0.16,-0.03,247,311578.94,11.3,0.01,0.38,0
2026-04-07,00:04:27,418,175933.02,6.83,0.02,-0.22,1608,30932.84,2.92,0.15,0.06,251,306294.81,11.1,0.01,-0.19,0
2026-04-07,00:04:29,412,178786.41,6.94,0.02,0.11,1617,30649.35,2.9,0.15,-0.03,245,314285.72,11.39,0.01,0.29,0
2026-04-07,00:04:31,413,178305.09,6.92,0.02,-0.02,1602,31123.59,2.94,0.15,0.04,245,314285.72,11.39,0.01,0.0,0
2026-04-07,00:04:33,409,180244.5,6.99,0.02,0.08,1611,30837.99,2.91,0.15,-0.03,246,312926.84,11.34,0.01,-0.05,0
2026-04-07,00:04:35,410,179756.09,6.98,0.02,-0.02,1603,31091.7,2.94,0.15,0.02,249,308915.69,11.2,0.01,-0.15,0
2026-04-07,00:04:37,406,181724.14,7.05,0.02,0.08,1610,30869.57,2.92,0.15,-0.02,249,308915.69,11.2,0.01,0.0,0
2026-04-07,00:04:39,411,179270.08,6.96,0.02,-0.1,1603,31091.7,2.94,0.15,0.02,253,303715.41,11.01,0.01,-0.19,0
2026-04-07,00:04:41,409,180244.5,6.99,0.02,0.04,1609,30901.18,2.92,0.15,-0.02,251,306294.81,11.1,0.01,0.09,0
2026-04-07,00:04:43,410,179756.09,6.98,0.02,-0.02,1605,31028.04,2.93,0.15,0.01,253,303715.41,11.01,0.01,-0.09,0
2026-04-07,00:04:45,415,177349.39,6.88,0.02,-0.09,1603,31091.7,2.94,0.15,0.01,249,308915.69,11.2,0.01,0.19,0
2026-04-07,00:04:47,409,180244.5,6.99,0.02,0.11,1602,31123.59,2.94,0.15,0.0,249,308915.69,11.2,0.01,0.0,0
2026-04-07,00:04:49,413,178305.09,6.92,0.02,-0.08,1589,31541.85,2.98,0.14,0.04,247,311578.94,11.3,0.01,0.1,0
2026-04-07,00:04:51,410,179756.09,6.98,0.02,0.06,1601,31155.53,2.94,0.15,-0.04,247,311578.94,11.3,0.01,0.0,0
2026-04-07,00:04:53,410,179756.09,6.98,0.02,0.0,1589,31541.85,2.98,0.14,0.04,245,314285.72,11.39,0.01,0.1,0
2026-04-07,00:04:55,411,179270.08,6.96,0.02,-0.02,1598,31251.56,2.95,0.15,-0.03,244,315655.75,11.44,0.01,0.05,0
2026-04-07,00:04:57,414,177826.09,6.9,0.02,-0.06,1583,31737.21,3.0,0.14,0.05,247,311578.94,11.3,0.01,-0.15,0
2026-04-07,00:04:59,417,176402.87,6.85,0.02,-0.06,1604,31059.85,2.94,0.15,-0.06,256,299921.87,10.87,0.01,-0.42,0
2026-04-07,00:05:01,415,177349.39,6.88,0.02,0.04,1591,31477.06,2.97,0.15,0.04,254,302440.97,10.96,0.01,0.09,0
2026-04-07,00:05:03,405,182222.22,7.07,0.02,0.19,1594,31380.18,2.97,0.15,-0.01,241,319834.03,11.59,0.01,0.63,0
2026-04-07,00:05:05,408,180735.3,7.01,0.02,-0.06,1580,31835.44,3.01,0.14,0.04,244,315655.75,11.44,0.01,-0.15,0
2026-04-07,00:05:07,405,182222.22,7.07,0.02,0.06,1588,31574.31,2.98,0.14,-0.02,238,324117.66,11.75,0.01,0.31,0
2026-04-07,00:05:09,411,179270.08,6.96,0.02,-0.11,1581,31802.65,3.01,0.14,0.02,241,319834.03,11.59,0.01,-0.16,0
2026-04-07,00:05:11,408,180735.3,7.01,0.02,0.06,1585,31671.92,2.99,0.14,-0.01,237,325569.59,11.8,0.01,0.21,0
2026-04-07,00:05:13,410,179756.09,6.98,0.02,-0.04,1580,31835.44,3.01,0.14,0.02,240,321250.0,11.65,0.01,-0.16,0
2026-04-07,00:05:15,414,177826.09,6.9,0.02,-0.07,1583,31737.21,3.0,0.14,-0.01,240,321250.0,11.65,0.01,0.0,0
2026-04-07,00:05:17,417,176402.87,6.85,0.02,-0.06,1586,31639.34,2.99,0.14,-0.01,239,322677.84,11.7,0.01,0.05,0
2026-04-07,00:05:19,423,173617.03,6.74,0.03,-0.11,1585,31671.92,2.99,0.14,0.0,239,322677.84,11.7,0.01,0.0,0
2026-04-07,00:05:21,418,175933.02,6.83,0.02,0.09,1587,31606.8,2.99,0.14,-0.01,241,319834.03,11.59,0.01,-0.1,0
2026-04-07,00:05:23,425,172705.88,6.7,0.03,-0.13,1583,31737.21,3.0,0.14,0.01,249,308915.69,11.2,0.01,-0.4,0
2026-04-07,00:05:25,421,174536.81,6.77,0.03,0.07,1596,31315.79,2.96,0.15,-0.04,247,311578.94,11.3,0.01,0.1,0
2026-04-07,00:05:27,424,173160.39,6.72,0.03,-0.05,1584,31704.54,3.0,0.14,0.04,252,305000.0,11.06,0.01,-0.24,0
2026-04-07,00:05:29,418,175933.02,6.83,0.02,0.11,1595,31347.96,2.96,0.15,-0.03,243,317037.03,11.49,0.01,0.44,0
2026-04-07,00:05:31,422,174075.83,6.75,0.03,-0.07,1581,31802.65,3.01,0.14,0.04,245,314285.72,11.39,0.01,-0.1,0
2026-04-07,00:05:33,417,176402.87,6.85,0.02,0.09,1597,31283.66,2.96,0.15,-0.05,251,306294.81,11.1,0.01,-0.29,0
2026-04-07,00:05:35,420,175000.0,6.79,0.03,-0.05,1603,31091.7,2.94,0.15,-0.02,256,299921.87,10.87,0.01,-0.23,0
2026-04-07,00:05:37,422,174075.83,6.75,0.03,-0.04,1599,31219.51,2.95,0.15,0.01,253,303715.41,11.01,0.01,0.14,0
2026-04-07,00:05:39,414,177826.09,6.9,0.02,0.15,1583,31737.21,3.0,0.14,0.05,248,310241.94,11.25,0.01,0.24,0
2026-04-07,00:05:41,410,179756.09,6.98,0.02,0.07,1590,31509.44,2.98,0.15,-0.02,244,315655.75,11.44,0.01,0.2,0
2026-04-07,00:05:43,411,179270.08,6.96,0.02,-0.02,1583,31737.21,3.0,0.14,0.02,245,314285.72,11.39,0.01,-0.05,0
2026-04-07,00:05:45,410,179756.09,6.98,0.02,0.02,1579,31868.27,3.01,0.14,0.01,238,324117.66,11.75,0.01,0.36,0
2026-04-07,00:05:47,408,180735.3,7.01,0.02,0.04,1576,31967.01,3.02,0.14,0.01,237,325569.59,11.8,0.01,0.05,0
2026-04-07,00:05:49,408,180735.3,7.01,0.02,0.0,1571,32132.4,3.04,0.14,0.02,235,328510.63,11.91,0.01,0.11,0
2026-04-07,00:05:51,400,184750.0,7.17,0.02,0.16,1567,32265.47,3.05,0.14,0.01,233,331502.16,12.02,0.01,0.11,0
2026-04-07,00:05:53,399,185263.17,7.19,0.02,0.02,1561,32466.37,3.07,0.14,0.02,230,336086.94,12.18,0.01,0.17,0
2026-04-07,00:05:55,395,187341.77,7.27,0.02,0.08,1568,32232.14,3.05,0.14,-0.02,226,342389.38,12.41,0.01,0.23,0
