timestamp,date,time,mq2_ratio,mq135_ratio,mq7_ratio,mq2_ppm,mq135_ppm,mq7_ppm,prediction,label_name
2026-04-17T10:24:24.613026,2026-04-17,10:24:24,8.4895,3.7306,6.2611,0.38,0.43,17.69,0,Clean Air
2026-04-17T10:24:26.869710,2026-04-17,10:24:26,8.5166,3.7265,6.2941,0.37,0.43,17.43,3,High Gas
2026-04-17T10:24:29.167321,2026-04-17,10:24:29,8.2526,3.7552,6.3951,0.44,0.42,16.63,3,High Gas
2026-04-17T10:24:31.471955,2026-04-17,10:24:31,8.5713,3.7552,6.3951,0.36,0.42,16.63,3,High Gas
2026-04-17T10:24:33.882548,2026-04-17,10:24:33,8.7392,3.7967,6.4467,0.32,0.4,16.24,3,High Gas
2026-04-17T10:24:36.359743,2026-04-17,10:24:36,8.3302,3.7967,6.4122,0.42,0.4,16.5,3,High Gas
2026-04-17T10:24:38.616504,2026-04-17,10:24:38,8.5166,3.8218,6.4641,0.37,0.39,16.11,3,High Gas
2026-04-17T10:24:40.891597,2026-04-17,10:24:40,8.4358,3.86,6.5167,0.39,0.37,15.73,3,High Gas
2026-04-17T10:24:43.296239,2026-04-17,10:24:43,8.7678,3.8643,6.5167,0.31,0.37,15.73,3,High Gas
2026-04-17T10:24:45.600580,2026-04-17,10:24:45,8.7678,3.8944,6.5701,0.31,0.36,15.35,3,High Gas
2026-04-17T10:24:47.867032,2026-04-17,10:24:47,8.5439,3.86,6.6977,0.36,0.37,14.47,3,High Gas
2026-04-17T10:24:50.287987,2026-04-17,10:24:50,8.6826,3.8643,6.6425,0.33,0.37,14.84,3,High Gas
2026-04-17T10:24:52.842247,2026-04-17,10:24:52,8.6826,3.8901,6.8108,0.33,0.36,13.74,3,High Gas
2026-04-17T10:24:55.202994,2026-04-17,10:24:55,8.9727,4.0226,6.6425,0.27,0.31,14.84,3,High Gas
2026-04-17T10:24:57.646082,2026-04-17,10:24:57,8.9727,3.9424,6.8108,0.27,0.34,13.74,3,High Gas
2026-04-17T10:25:00.120280,2026-04-17,10:25:00,8.5439,4.0181,6.8108,0.36,0.31,13.74,3,High Gas
2026-04-17T10:25:02.563824,2026-04-17,10:25:02,8.7678,4.0727,6.8299,0.31,0.29,13.61,3,High Gas
2026-04-17T10:25:05.441305,2026-04-17,10:25:05,8.7392,4.0091,6.8881,0.32,0.31,13.26,3,High Gas
2026-04-17T10:25:08.005297,2026-04-17,10:25:08,9.0027,4.0046,6.9869,0.27,0.31,12.67,3,High Gas
2026-04-17T10:25:10.361231,2026-04-17,10:25:10,9.0938,4.0181,6.9869,0.25,0.31,12.67,3,High Gas
2026-04-17T10:25:12.570869,2026-04-17,10:25:12,8.6545,4.0681,7.007,0.34,0.29,12.55,3,High Gas
2026-04-17T10:25:15.281133,2026-04-17,10:25:15,0.954,4.0498,6.8108,53.39,0.3,13.74,0,Clean Air
2026-04-17T10:25:17.517811,2026-04-17,10:25:17,0.8122,0.0625,1.5784,58.61,29.43,152.87,0,Clean Air
2026-04-17T10:25:20.128187,2026-04-17,10:25:20,1.8077,0.0758,1.7267,30.44,28.98,142.78,0,Clean Air
2026-04-17T10:25:22.582865,2026-04-17,10:25:22,0.7652,0.0,2.0064,60.45,31.62,125.52,1,Low Gas
2026-04-17T10:25:24.741627,2026-04-17,10:25:24,1.9218,0.0,1.654,28.24,31.62,147.64,1,Low Gas
2026-04-17T10:25:27.500953,2026-04-17,10:25:27,3.4501,0.0,1.7763,10.33,31.62,139.55,1,Low Gas
2026-04-17T10:25:30.166740,2026-04-17,10:25:30,5.6314,0.1967,2.25,2.46,25.21,112.2,1,Low Gas
2026-04-17T10:25:32.718235,2026-04-17,10:25:32,0.0,0.4682,2.9405,100.0,18.45,81.64,1,Low Gas
2026-04-17T10:25:34.928277,2026-04-17,10:25:34,1.2482,0.0,3.3987,43.99,31.62,66.11,1,Low Gas
2026-04-17T10:25:37.378403,2026-04-17,10:25:37,2.2052,0.0,2.5887,23.44,31.62,96.0,1,Low Gas
2026-04-17T10:25:39.999044,2026-04-17,10:25:39,3.1091,0.0079,2.4202,12.93,31.34,103.74,1,Low Gas
2026-04-17T10:25:42.307617,2026-04-17,10:25:42,4.0392,0.1608,0.2932,7.01,26.28,276.29,1,Low Gas
2026-04-17T10:25:44.560323,2026-04-17,10:25:44,4.8789,0.0,0.0,4.04,31.62,316.23,1,Low Gas
2026-04-17T10:25:47.056918,2026-04-17,10:25:47,4.9918,0.0,0.0,3.75,31.62,316.23,1,Low Gas
2026-04-17T10:25:49.511648,2026-04-17,10:25:49,4.7704,0.0,0.3091,4.34,31.62,274.27,1,Low Gas
2026-04-17T10:25:52.282379,2026-04-17,10:25:52,5.2431,0.0,0.6326,3.18,31.62,236.31,1,Low Gas
2026-04-17T10:25:55.086355,2026-04-17,10:25:55,5.5929,0.0,0.9922,2.52,31.62,200.25,1,Low Gas
2026-04-17T10:25:57.500132,2026-04-17,10:25:57,6.398,0.1276,1.2961,1.49,27.3,174.09,1,Low Gas
2026-04-17T10:25:59.922919,2026-04-17,10:25:59,6.8453,0.2427,1.3988,1.11,23.91,166.05,1,Low Gas
2026-04-17T10:26:02.168570,2026-04-17,10:26:02,2.3831,0.0,0.6326,20.85,31.62,236.31,1,Low Gas
2026-04-17T10:26:04.775260,2026-04-17,10:26:04,2.2137,0.0,0.5945,23.31,31.62,240.49,1,Low Gas
2026-04-17T10:26:07.231198,2026-04-17,10:26:07,2.2507,0.0,0.5905,22.75,31.62,240.94,1,Low Gas
2026-04-17T10:26:09.877255,2026-04-17,10:26:09,4.8991,0.0,1.1794,3.98,31.62,183.7,1,Low Gas
2026-04-17T10:26:12.128536,2026-04-17,10:26:12,5.1866,0.0,1.2636,3.3,31.62,176.72,1,Low Gas
2026-04-17T10:26:14.693131,2026-04-17,10:26:14,5.5548,0.0,1.5057,2.59,31.62,158.08,1,Low Gas
2026-04-17T10:26:17.154915,2026-04-17,10:26:17,6.2242,0.0,1.7869,1.67,31.62,138.87,1,Low Gas
2026-04-17T10:26:19.616778,2026-04-17,10:26:19,7.0325,0.0,2.3678,0.98,31.62,106.28,1,Low Gas
2026-04-17T10:26:22.033328,2026-04-17,10:26:22,7.5219,0.0,2.611,0.71,31.62,95.02,1,Low Gas
2026-04-17T10:26:24.237911,2026-04-17,10:26:24,8.2016,0.0,2.8012,0.45,31.62,87.05,1,Low Gas
2026-04-17T10:26:26.521190,2026-04-17,10:26:26,8.6545,0.0,2.9136,0.34,31.62,82.66,1,Low Gas
2026-04-17T10:26:28.653286,2026-04-17,10:26:28,8.8546,0.0,3.0621,0.3,31.62,77.19,1,Low Gas
2026-04-17T10:26:30.827650,2026-04-17,10:26:30,9.218,0.0,3.116,0.23,31.62,75.3,1,Low Gas
2026-04-17T10:26:33.427682,2026-04-17,10:26:33,9.5761,0.0,3.2128,0.18,31.62,72.02,1,Low Gas
2026-04-17T10:26:36.092410,2026-04-17,10:26:36,10.0707,0.0,3.3478,0.13,31.62,67.68,1,Low Gas
2026-04-17T10:26:38.553221,2026-04-17,10:26:38,10.1829,0.0,3.4745,0.12,31.62,63.84,1,Low Gas
2026-04-17T10:26:41.111903,2026-04-17,10:26:41,10.0707,0.0,3.5287,0.13,31.62,62.27,1,Low Gas
2026-04-17T10:26:43.536984,2026-04-17,10:26:43,10.8229,0.0,3.6542,0.08,31.62,58.77,1,Low Gas
2026-04-17T10:26:45.920684,2026-04-17,10:26:45,10.9947,0.0,3.7873,0.07,31.62,55.28,1,Low Gas
2026-04-17T10:26:48.250018,2026-04-17,10:26:48,11.0385,0.0,3.864,0.07,31.62,53.36,1,Low Gas
2026-04-17T10:26:51.055538,2026-04-17,10:26:51,10.9081,0.0,3.9507,0.08,31.62,51.27,1,Low Gas
2026-04-17T10:26:53.373292,2026-04-17,10:26:53,11.127,0.0,4.0716,0.07,31.62,48.49,1,Low Gas
2026-04-17T10:26:56.089942,2026-04-17,10:26:56,10.9513,0.0,4.0408,0.07,31.62,49.19,1,Low Gas
2026-04-17T10:26:58.332061,2026-04-17,10:26:58,11.0385,0.0,4.1826,0.07,31.62,46.08,1,Low Gas
2026-04-17T10:27:00.888113,2026-04-17,10:27:00,11.308,0.0,4.2819,0.06,31.62,44.02,1,Low Gas
2026-04-17T10:27:03.204392,2026-04-17,10:27:03,11.5422,0.0,4.265,0.05,31.62,44.36,1,Low Gas
2026-04-17T10:27:05.698882,2026-04-17,10:27:05,12.1958,0.0,4.4118,0.03,31.62,41.46,1,Low Gas
2026-04-17T10:27:07.898108,2026-04-17,10:27:07,12.3566,0.0,4.4297,0.03,31.62,41.12,1,Low Gas
2026-04-17T10:27:10.223408,2026-04-17,10:27:10,12.0908,0.0,4.5115,0.04,31.62,39.6,1,Low Gas
2026-04-17T10:27:12.851299,2026-04-17,10:27:12,11.8355,0.0,4.5769,0.04,31.62,38.43,1,Low Gas
2026-04-17T10:27:15.912044,2026-04-17,10:27:15,11.7856,0.0,4.644,0.04,31.62,37.26,1,Low Gas
2026-04-17T10:27:18.506615,2026-04-17,10:27:18,12.5215,0.0,4.753,0.03,31.62,35.43,1,Low Gas
2026-04-17T10:27:21.366493,2026-04-17,10:27:21,12.4111,0.0,4.8351,0.03,31.62,34.12,1,Low Gas
2026-04-17T10:27:24.339184,2026-04-17,10:27:24,12.466,0.0,4.8983,0.03,31.62,33.14,1,Low Gas
2026-04-17T10:27:26.541119,2026-04-17,10:27:26,12.7478,0.0,5.0853,0.02,31.62,30.4,1,Low Gas
2026-04-17T10:27:29.461985,2026-04-17,10:27:29,12.6905,0.0,5.1082,0.02,31.62,30.09,1,Low Gas
2026-04-17T10:27:31.655680,2026-04-17,10:27:31,12.6337,0.0,5.2251,0.02,31.62,28.51,1,Low Gas
2026-04-17T10:27:33.913572,2026-04-17,10:27:33,12.6337,0.0,5.237,0.02,31.62,28.35,1,Low Gas
2026-04-17T10:27:36.171621,2026-04-17,10:27:36,12.7478,0.0,5.2611,0.02,31.62,28.04,1,Low Gas
2026-04-17T10:27:38.397776,2026-04-17,10:27:38,12.5773,0.0,5.2611,0.03,31.62,28.04,1,Low Gas
2026-04-17T10:27:41.050595,2026-04-17,10:27:41,2.1693,0.0,5.322,24.0,31.62,27.26,0,Clean Air
2026-04-17T10:27:43.692014,2026-04-17,10:27:43,0.0,0.0,4.8876,100.0,31.62,33.3,0,Clean Air
2026-04-17T10:27:46.460180,2026-04-17,10:27:46,0.0,0.0,1.489,100.0,31.62,159.29,0,Clean Air
2026-04-17T10:27:48.655711,2026-04-17,10:27:48,0.0,0.0,0.8627,100.0,31.62,212.55,0,Clean Air
2026-04-17T10:27:51.159232,2026-04-17,10:27:51,0.0,0.0,0.3861,100.0,31.62,264.71,1,Low Gas
2026-04-17T10:27:53.527863,2026-04-17,10:27:53,0.0301,0.0,0.3005,98.04,31.62,275.35,3,High Gas
2026-04-17T10:27:55.829121,2026-04-17,10:27:55,0.05,0.0,0.3286,96.76,31.62,271.82,1,Low Gas
2026-04-17T10:27:58.073544,2026-04-17,10:27:58,0.1353,0.0,0.3609,91.48,31.62,267.8,1,Low Gas
2026-04-17T10:28:00.688725,2026-04-17,10:28:00,0.4365,0.0,0.4546,75.04,31.62,256.5,1,Low Gas
2026-04-17T10:28:03.256041,2026-04-17,10:28:03,0.547,0.0,0.5131,69.78,31.62,249.68,1,Low Gas
2026-04-17T10:28:05.449154,2026-04-17,10:28:05,0.3529,0.0,0.6088,79.28,31.62,238.92,1,Low Gas
2026-04-17T10:28:08.060710,2026-04-17,10:28:08,0.3569,0.0,0.7361,79.07,31.62,225.31,1,Low Gas
2026-04-17T10:28:10.726580,2026-04-17,10:28:10,0.3179,0.0,0.9716,81.13,31.62,202.15,1,Low Gas
2026-04-17T10:28:13.024931,2026-04-17,10:28:13,0.4658,0.0,1.2194,73.6,31.62,180.36,1,Low Gas
2026-04-17T10:28:15.175244,2026-04-17,10:28:15,0.3863,0.0,1.3226,77.56,31.62,171.98,1,Low Gas
2026-04-17T10:28:17.582278,2026-04-17,10:28:17,0.4089,0.0,1.3807,76.41,31.62,167.44,1,Low Gas
2026-04-17T10:28:19.781111,2026-04-17,10:28:19,0.0,0.0,1.1458,100.0,31.62,186.57,1,Low Gas
2026-04-17T10:28:22.042055,2026-04-17,10:28:22,0.0,0.0,1.5192,100.0,31.62,157.1,1,Low Gas
2026-04-17T10:28:24.653196,2026-04-17,10:28:24,0.4891,0.0,1.6333,72.49,31.62,149.06,1,Low Gas
2026-04-17T10:28:27.312229,2026-04-17,10:28:27,0.8413,0.0,1.6987,57.5,31.62,144.63,1,Low Gas
2026-04-17T10:28:29.770203,2026-04-17,10:28:29,0.8363,0.0,1.8105,57.68,31.62,137.37,1,Low Gas
2026-04-17T10:28:32.326410,2026-04-17,10:28:32,0.6587,0.0,1.8863,64.83,31.62,132.66,1,Low Gas
2026-04-17T10:28:34.790046,2026-04-17,10:28:34,0.5677,0.0,2.0734,68.83,31.62,121.71,1,Low Gas
2026-04-17T10:28:36.992869,2026-04-17,10:28:36,0.6111,0.0,2.268,66.9,31.62,111.28,1,Low Gas
2026-04-17T10:28:39.444655,2026-04-17,10:28:39,0.5844,0.0,2.471,68.08,31.62,101.35,1,Low Gas
2026-04-17T10:28:41.708758,2026-04-17,10:28:41,0.6678,0.0,2.6799,64.44,31.62,92.05,1,Low Gas
2026-04-17T10:28:43.968018,2026-04-17,10:28:43,0.7,0.0,2.8138,63.09,31.62,86.54,1,Low Gas
2026-04-17T10:28:46.189878,2026-04-17,10:28:46,0.6831,0.0,2.9002,63.8,31.62,83.17,1,Low Gas
2026-04-17T10:28:48.696359,2026-04-17,10:28:48,0.7209,0.0,3.1061,62.23,31.62,75.65,1,Low Gas
2026-04-17T10:28:50.902170,2026-04-17,10:28:50,0.9483,0.0,3.3146,53.59,31.62,68.72,1,Low Gas
2026-04-17T10:28:53.156812,2026-04-17,10:28:53,1.1442,0.0,3.2873,47.11,31.62,69.59,1,Low Gas
2026-04-17T10:28:55.771726,2026-04-17,10:28:55,0.8638,0.0,3.2075,56.65,31.62,72.19,1,Low Gas
2026-04-17T10:28:58.052568,2026-04-17,10:28:58,0.1878,0.0,3.2232,88.38,31.62,71.67,1,Low Gas
2026-04-17T10:29:00.698765,2026-04-17,10:29:00,0.0922,0.0,3.1561,94.11,31.62,73.92,1,Low Gas
2026-04-17T10:29:03.150610,2026-04-17,10:29:03,0.23,0.0,3.0003,85.96,31.62,79.42,1,Low Gas
2026-04-17T10:29:05.825157,2026-04-17,10:29:05,0.0059,0.0,2.6375,99.61,31.62,93.87,1,Low Gas
2026-04-17T10:29:08.483104,2026-04-17,10:29:08,0.0,0.0,1.6752,100.0,31.62,146.2,1,Low Gas
2026-04-17T10:29:11.136570,2026-04-17,10:29:11,0.0,0.0,1.6849,100.0,31.62,145.55,1,Low Gas
2026-04-17T10:29:13.704921,2026-04-17,10:29:13,0.0,0.0,1.6427,100.0,31.62,148.41,3,High Gas
2026-04-17T10:29:15.897992,2026-04-17,10:29:15,0.2063,0.0,1.4924,87.31,31.62,159.05,1,Low Gas
2026-04-17T10:29:18.514456,2026-04-17,10:29:18,0.8706,0.0,1.6147,56.4,31.62,150.34,1,Low Gas
2026-04-17T10:29:20.826181,2026-04-17,10:29:20,1.1641,0.0,1.9189,46.49,31.62,130.69,1,Low Gas
2026-04-17T10:29:23.424034,2026-04-17,10:29:23,1.229,0.0,2.1354,44.55,31.62,118.28,1,Low Gas
2026-04-17T10:29:26.094332,2026-04-17,10:29:26,0.0,0.0,2.4505,100.0,31.62,102.31,1,Low Gas
2026-04-17T10:29:28.345090,2026-04-17,10:29:28,0.0479,0.0,2.6451,96.9,31.62,93.54,1,Low Gas
2026-04-17T10:29:30.662982,2026-04-17,10:29:30,0.1703,0.0,2.0165,89.4,31.62,124.94,1,Low Gas
2026-04-17T10:29:33.153305,2026-04-17,10:29:33,0.6692,0.0,1.6752,64.39,31.62,146.2,1,Low Gas
2026-04-17T10:29:35.352602,2026-04-17,10:29:35,1.1156,0.0,1.5624,48.0,31.62,154.0,1,Low Gas
2026-04-17T10:29:37.519510,2026-04-17,10:29:37,0.0,0.0,1.6559,100.0,31.62,147.51,1,Low Gas
2026-04-17T10:29:40.017753,2026-04-17,10:29:40,0.313,0.0,0.7311,81.39,31.62,225.83,1,Low Gas
2026-04-17T10:29:42.313099,2026-04-17,10:29:42,0.1451,0.0,0.4244,90.9,31.62,260.08,1,Low Gas
2026-04-17T10:29:44.520305,2026-04-17,10:29:44,0.0,0.0,0.3178,100.0,31.62,273.17,1,Low Gas
2026-04-17T10:29:46.696363,2026-04-17,10:29:46,0.0,0.0,0.1706,100.0,31.62,292.33,1,Low Gas
2026-04-17T10:29:49.032801,2026-04-17,10:29:49,0.0596,0.0,0.1663,96.16,31.62,292.91,1,Low Gas
2026-04-17T10:29:51.689133,2026-04-17,10:29:51,0.5956,0.0,0.2022,67.58,31.62,288.11,1,Low Gas
2026-04-17T10:29:54.354507,2026-04-17,10:29:54,0.6973,0.0,0.3734,63.21,31.62,266.27,1,Low Gas
2026-04-17T10:29:56.867163,2026-04-17,10:29:56,0.6953,0.0,0.5525,63.29,31.62,245.19,1,Low Gas
2026-04-17T10:29:59.472494,2026-04-17,10:29:59,0.6117,0.0,0.7354,66.87,31.62,225.38,1,Low Gas
2026-04-17T10:30:02.137718,2026-04-17,10:30:02,0.7323,0.0,0.9515,61.77,31.62,204.04,1,Low Gas
2026-04-17T10:30:04.797253,2026-04-17,10:30:04,0.887,0.0,1.2092,55.79,31.62,181.2,1,Low Gas
2026-04-17T10:30:07.351614,2026-04-17,10:30:07,0.9663,0.0,1.4581,52.96,31.62,161.58,1,Low Gas
2026-04-17T10:30:09.555442,2026-04-17,10:30:09,0.9994,0.0,1.7471,51.82,31.62,141.44,1,Low Gas
2026-04-17T10:30:12.065856,2026-04-17,10:30:12,0.9465,0.0,1.9644,53.65,31.62,127.98,1,Low Gas
2026-04-17T10:30:14.629363,2026-04-17,10:30:14,0.9298,0.0,2.0919,54.24,31.62,120.67,1,Low Gas
2026-04-17T10:30:16.936091,2026-04-17,10:30:16,1.0266,0.0,2.1271,50.9,31.62,118.73,1,Low Gas
2026-04-17T10:30:19.542700,2026-04-17,10:30:19,1.0835,0.0,2.3108,49.03,31.62,109.1,1,Low Gas
2026-04-17T10:30:22.103628,2026-04-17,10:30:22,1.1489,0.0,2.5093,46.96,31.62,99.57,1,Low Gas
2026-04-17T10:30:24.554800,2026-04-17,10:30:24,1.2165,0.0,2.7194,44.92,31.62,90.39,1,Low Gas
2026-04-17T10:30:27.011111,2026-04-17,10:30:27,1.3052,0.0,2.9091,42.37,31.62,82.83,1,Low Gas
2026-04-17T10:30:29.471562,2026-04-17,10:30:29,1.354,0.0,3.0962,41.03,31.62,75.99,1,Low Gas
2026-04-17T10:30:31.678736,2026-04-17,10:30:31,1.4052,0.0,3.2497,39.68,31.62,70.81,1,Low Gas
2026-04-17T10:30:33.906741,2026-04-17,10:30:33,0.1161,0.0,2.4369,92.64,31.62,102.95,1,Low Gas
2026-04-17T10:30:36.548487,2026-04-17,10:30:36,0.0,0.0,1.7166,100.0,31.62,143.44,1,Low Gas
2026-04-17T10:30:39.097261,2026-04-17,10:30:39,0.0458,0.0,1.2947,97.03,31.62,174.2,1,Low Gas
2026-04-17T10:30:41.310145,2026-04-17,10:30:41,0.2951,0.0,0.0,82.36,31.62,316.23,1,Low Gas
2026-04-17T10:30:43.774791,2026-04-17,10:30:43,0.5049,0.0,0.0,71.74,31.62,316.23,1,Low Gas
2026-04-17T10:30:46.228847,2026-04-17,10:30:46,0.7887,0.0,0.2456,59.52,31.62,282.42,1,Low Gas
2026-04-17T10:30:48.713127,2026-04-17,10:30:48,1.0307,0.0,0.5039,50.76,31.62,250.74,1,Low Gas
2026-04-17T10:30:51.171481,2026-04-17,10:30:51,1.1954,0.0,0.7142,45.55,31.62,227.6,1,Low Gas
2026-04-17T10:30:53.357279,2026-04-17,10:30:53,1.2456,0.0,0.9402,44.07,31.62,205.1,1,Low Gas
2026-04-17T10:30:56.086275,2026-04-17,10:30:56,1.3455,0.0,1.0744,41.26,31.62,192.81,1,Low Gas
2026-04-17T10:30:58.538871,2026-04-17,10:30:58,1.4022,0.0,1.2825,39.75,31.62,175.19,1,Low Gas
2026-04-17T10:31:00.994673,2026-04-17,10:31:00,1.4763,0.0,1.4485,37.86,31.62,162.29,1,Low Gas
2026-04-17T10:31:03.453254,2026-04-17,10:31:03,1.5522,0.0,1.6239,36.02,31.62,149.7,1,Low Gas
2026-04-17T10:31:05.909256,2026-04-17,10:31:05,1.6171,0.0,1.7554,34.51,31.62,140.9,1,Low Gas
2026-04-17T10:31:08.368963,2026-04-17,10:31:08,1.6762,0.0,1.9307,33.2,31.62,129.98,1,Low Gas
2026-04-17T10:31:10.828443,2026-04-17,10:31:10,1.7522,0.0,2.1381,31.58,31.62,118.13,1,Low Gas
2026-04-17T10:31:13.288877,2026-04-17,10:31:13,1.791,0.0,2.3327,30.78,31.62,108.01,1,Low Gas
2026-04-17T10:31:15.746499,2026-04-17,10:31:15,1.857,0.0,2.5199,29.47,31.62,99.09,1,Low Gas
2026-04-17T10:31:17.912780,2026-04-17,10:31:17,1.8592,0.0,2.7074,29.43,31.62,90.89,1,Low Gas
2026-04-17T10:31:20.558887,2026-04-17,10:31:20,1.9013,0.0,2.8012,28.63,31.62,87.05,1,Low Gas
2026-04-17T10:31:23.063702,2026-04-17,10:31:23,1.9519,0.0,2.9817,27.69,31.62,80.11,1,Low Gas
2026-04-17T10:31:25.573805,2026-04-17,10:31:25,1.9613,0.0,3.1259,27.52,31.62,74.96,1,Low Gas
2026-04-17T10:31:27.784346,2026-04-17,10:31:27,2.0093,0.0,3.1972,26.66,31.62,72.54,1,Low Gas
2026-04-17T10:31:29.940682,2026-04-17,10:31:29,2.0215,0.0,3.3146,26.45,31.62,68.72,1,Low Gas
2026-04-17T10:31:32.641453,2026-04-17,10:31:32,2.1079,0.0,3.5226,24.99,31.62,62.44,1,Low Gas
2026-04-17T10:31:35.194053,2026-04-17,10:31:35,2.0464,0.0,3.5594,26.02,31.62,61.39,1,Low Gas
2026-04-17T10:31:37.383957,2026-04-17,10:31:37,2.0742,0.0,3.6802,25.55,31.62,58.07,1,Low Gas
2026-04-17T10:31:39.865519,2026-04-17,10:31:39,2.0691,0.0,3.7465,25.63,31.62,56.32,1,Low Gas
2026-04-17T10:31:42.270280,2026-04-17,10:31:42,2.1026,0.0,3.9214,25.08,31.62,51.97,1,Low Gas
2026-04-17T10:31:45.136342,2026-04-17,10:31:45,2.1157,0.0,4.0104,24.86,31.62,49.88,1,Low Gas
2026-04-17T10:31:47.791028,2026-04-17,10:31:47,2.145,0.0,4.1264,24.39,31.62,47.28,1,Low Gas
2026-04-17T10:31:50.459900,2026-04-17,10:31:50,2.121,0.0,4.2903,24.77,31.62,43.85,1,Low Gas
2026-04-17T10:31:53.040545,2026-04-17,10:31:53,2.1721,0.0,4.4297,23.96,31.62,41.12,1,Low Gas
2026-04-17T10:31:55.235002,2026-04-17,10:31:55,2.1775,0.0,4.4386,23.87,31.62,40.95,1,Low Gas
2026-04-17T10:31:57.398322,2026-04-17,10:31:57,2.1557,0.0,4.53,24.21,31.62,39.26,1,Low Gas
2026-04-17T10:31:59.713942,2026-04-17,10:31:59,2.1612,0.0,4.6055,24.13,31.62,37.92,1,Low Gas
2026-04-17T10:32:01.970859,2026-04-17,10:32:01,2.1886,0.0,4.7733,23.7,31.62,35.1,1,Low Gas
2026-04-17T10:32:04.194941,2026-04-17,10:32:04,2.1585,0.0,4.8455,24.17,31.62,33.95,1,Low Gas
2026-04-17T10:32:06.501765,2026-04-17,10:32:06,2.1748,0.0,4.8665,23.91,31.62,33.63,1,Low Gas
2026-04-17T10:32:09.004337,2026-04-17,10:32:09,2.2193,0.0,5.0853,23.22,31.62,30.4,1,Low Gas
2026-04-17T10:32:11.457139,2026-04-17,10:32:11,2.2137,0.0,5.1312,23.31,31.62,29.77,1,Low Gas
2026-04-17T10:32:13.674486,2026-04-17,10:32:13,2.2137,0.0,5.2132,23.31,31.62,28.67,1,Low Gas
2026-04-17T10:32:15.878641,2026-04-17,10:32:15,2.1969,0.0,5.322,23.57,31.62,27.26,1,Low Gas
2026-04-17T10:32:18.231412,2026-04-17,10:32:18,2.2025,0.0,5.3717,23.48,31.62,26.65,1,Low Gas
2026-04-17T10:32:20.579171,2026-04-17,10:32:20,0.0678,0.0,3.5287,95.64,31.62,62.27,1,Low Gas
2026-04-17T10:32:22.957301,2026-04-17,10:32:22,0.0318,0.0,1.3426,97.93,31.62,170.41,1,Low Gas
2026-04-17T10:32:25.536278,2026-04-17,10:32:25,0.2217,0.0,1.1697,86.43,31.62,184.53,1,Low Gas
2026-04-17T10:32:28.022558,2026-04-17,10:32:28,0.3473,0.0,0.9912,79.57,31.62,200.34,1,Low Gas
2026-04-17T10:32:30.295005,2026-04-17,10:32:30,0.1949,0.0,0.8254,87.97,31.62,216.23,1,Low Gas
2026-04-17T10:32:32.737950,2026-04-17,10:32:32,0.4351,0.0,0.7883,75.11,31.62,219.96,1,Low Gas
2026-04-17T10:32:35.023873,2026-04-17,10:32:35,0.813,0.0,0.8912,58.58,31.62,209.78,1,Low Gas
2026-04-17T10:32:37.279876,2026-04-17,10:32:37,1.0846,0.0,1.1249,48.99,31.62,188.38,1,Low Gas
2026-04-17T10:32:39.813819,2026-04-17,10:32:39,1.3384,0.0,1.4234,41.46,31.62,164.18,1,Low Gas
2026-04-17T10:32:42.328698,2026-04-17,10:32:42,1.4557,0.0,1.6948,38.38,31.62,144.89,1,Low Gas
2026-04-17T10:32:44.849365,2026-04-17,10:32:44,1.5038,0.0,2.014,37.18,31.62,125.08,1,Low Gas
2026-04-17T10:32:47.086525,2026-04-17,10:32:47,1.4891,0.0,2.2954,37.54,31.62,109.88,1,Low Gas
2026-04-17T10:32:49.501920,2026-04-17,10:32:49,1.5903,0.0,2.5485,35.13,31.62,97.79,1,Low Gas
2026-04-17T10:32:52.048967,2026-04-17,10:32:52,1.7126,0.0,2.797,32.41,31.62,87.22,1,Low Gas
2026-04-17T10:32:54.276317,2026-04-17,10:32:54,1.7644,0.0,3.0286,31.33,31.62,78.39,1,Low Gas
2026-04-17T10:32:56.801272,2026-04-17,10:32:56,1.7422,0.0,3.1612,31.79,31.62,73.75,1,Low Gas
2026-04-17T10:32:59.575218,2026-04-17,10:32:59,0.0,0.0,1.6849,100.0,31.62,145.55,1,Low Gas
2026-04-17T10:33:02.026211,2026-04-17,10:33:02,0.0,0.0,1.2092,100.0,31.62,181.2,1,Low Gas
2026-04-17T10:33:04.475503,2026-04-17,10:33:04,0.0,0.0,1.0668,100.0,31.62,193.48,1,Low Gas
2026-04-17T10:33:06.789828,2026-04-17,10:33:06,0.1743,0.0,1.2717,89.17,31.62,176.06,1,Low Gas
2026-04-17T10:33:09.039745,2026-04-17,10:33:09,0.3297,0.0,0.5636,80.5,31.62,243.94,1,Low Gas
2026-04-17T10:33:11.451587,2026-04-17,10:33:11,0.4369,0.0,0.4218,75.02,31.62,260.4,1,Low Gas
2026-04-17T10:33:13.988512,2026-04-17,10:33:13,0.5581,0.0,0.5346,69.27,31.62,247.21,1,Low Gas
2026-04-17T10:33:16.367612,2026-04-17,10:33:16,0.7266,0.0,0.7821,62.0,31.62,220.59,1,Low Gas
2026-04-17T10:33:18.918504,2026-04-17,10:33:18,0.5677,0.0,0.9346,68.83,31.62,205.63,1,Low Gas
2026-04-17T10:33:21.269543,2026-04-17,10:33:21,0.624,0.0,1.1295,66.33,31.62,187.98,1,Low Gas
2026-04-17T10:33:23.731366,2026-04-17,10:33:23,0.7402,0.0,1.3311,61.45,31.62,171.31,1,Low Gas
2026-04-17T10:33:26.010113,2026-04-17,10:33:26,0.9446,0.0,1.4857,53.72,31.62,159.53,1,Low Gas
2026-04-17T10:33:28.293322,2026-04-17,10:33:28,1.1361,0.0,1.7451,47.36,31.62,141.57,1,Low Gas
2026-04-17T10:33:30.762623,2026-04-17,10:33:30,1.1677,0.0,2.0602,46.38,31.62,122.45,1,Low Gas
2026-04-17T10:33:33.324852,2026-04-17,10:33:33,1.3175,0.0,2.4987,42.03,31.62,100.06,1,Low Gas
2026-04-17T10:33:35.742437,2026-04-17,10:33:35,1.4309,0.0,2.7435,39.01,31.62,89.39,1,Low Gas
2026-04-17T10:33:38.439237,2026-04-17,10:33:38,1.4779,0.0,2.8479,37.82,31.62,85.2,1,Low Gas
2026-04-17T10:33:40.987831,2026-04-17,10:33:40,1.5763,0.0,3.0669,35.45,31.62,77.02,1,Low Gas
2026-04-17T10:33:43.210087,2026-04-17,10:33:43,0.0,0.0,1.9865,100.0,31.62,126.68,1,Low Gas
2026-04-17T10:33:45.565337,2026-04-17,10:33:45,0.0,0.0,0.6534,100.0,31.62,234.06,1,Low Gas
2026-04-17T10:33:48.074865,2026-04-17,10:33:48,0.0,0.0,0.4928,100.0,31.62,252.02,1,Low Gas
2026-04-17T10:33:50.607148,2026-04-17,10:33:50,0.0,0.0,0.5934,100.0,31.62,240.62,1,Low Gas
2026-04-17T10:33:52.812686,2026-04-17,10:33:52,0.1611,0.0,0.6801,89.94,31.62,231.2,1,Low Gas
2026-04-17T10:33:55.438602,2026-04-17,10:33:55,0.4707,0.0,0.4357,73.37,31.62,258.74,1,Low Gas
2026-04-17T10:33:57.993636,2026-04-17,10:33:57,0.4658,0.0,0.3795,73.6,31.62,265.52,1,Low Gas
2026-04-17T10:34:00.218360,2026-04-17,10:34:00,0.1222,0.0,0.4654,92.28,31.62,255.22,1,Low Gas
2026-04-17T10:34:02.707760,2026-04-17,10:34:02,0.1789,0.0,0.4352,88.9,31.62,258.8,1,Low Gas
2026-04-17T10:34:04.907757,2026-04-17,10:34:04,0.0769,0.0,0.442,95.07,31.62,257.98,1,Low Gas
2026-04-17T10:34:07.424756,2026-04-17,10:34:07,0.1581,0.0,0.591,90.12,31.62,240.88,1,Low Gas
2026-04-17T10:34:09.597185,2026-04-17,10:34:09,0.1826,0.0,0.6344,88.68,31.62,236.11,1,Low Gas
2026-04-17T10:34:12.052978,2026-04-17,10:34:12,0.1309,0.0,0.5277,91.75,31.62,248.0,1,Low Gas
2026-04-17T10:34:14.338181,2026-04-17,10:34:14,0.2639,0.0,0.54,84.06,31.62,246.6,1,Low Gas
2026-04-17T10:34:16.575483,2026-04-17,10:34:16,0.4036,0.0,0.7361,76.68,31.62,225.31,1,Low Gas
2026-04-17T10:34:18.981774,2026-04-17,10:34:18,0.4124,0.0,0.9199,76.24,31.62,207.03,1,Low Gas
2026-04-17T10:34:21.276107,2026-04-17,10:34:21,0.6209,0.0,1.1868,66.47,31.62,183.08,1,Low Gas
2026-04-17T10:34:23.508531,2026-04-17,10:34:23,0.7772,0.0,1.3142,59.97,31.62,172.65,1,Low Gas
2026-04-17T10:34:25.767521,2026-04-17,10:34:25,0.9353,0.0,1.5209,54.05,31.62,156.97,1,Low Gas
2026-04-17T10:34:28.050159,2026-04-17,10:34:28,1.0642,0.0,1.6967,49.65,31.62,144.76,1,Low Gas
2026-04-17T10:34:30.305401,2026-04-17,10:34:30,1.11,0.0,1.7954,48.18,31.62,138.33,1,Low Gas
2026-04-17T10:34:32.570801,2026-04-17,10:34:32,1.0792,0.0,1.8126,49.17,31.62,137.24,1,Low Gas
2026-04-17T10:34:35.020277,2026-04-17,10:34:35,1.0967,0.0,2.0014,48.6,31.62,125.81,1,Low Gas
2026-04-17T10:34:37.248978,2026-04-17,10:34:37,1.1641,0.0,2.183,46.49,31.62,115.72,1,Low Gas
2026-04-17T10:34:39.757479,2026-04-17,10:34:39,1.2677,0.0,2.4036,43.43,31.62,104.54,1,Low Gas
2026-04-17T10:34:42.111096,2026-04-17,10:34:42,1.2625,0.0,2.6375,43.58,31.62,93.87,1,Low Gas
2026-04-17T10:34:44.417247,2026-04-17,10:34:44,1.3412,0.0,2.7763,41.38,31.62,88.05,1,Low Gas
2026-04-17T10:34:47.034019,2026-04-17,10:34:47,1.4294,0.0,2.9587,39.05,31.62,80.96,1,Low Gas
2026-04-17T10:34:49.590736,2026-04-17,10:34:49,1.5153,0.0,3.2232,36.9,31.62,71.67,1,Low Gas
2026-04-17T10:34:51.952745,2026-04-17,10:34:51,1.5694,0.0,3.3646,35.61,31.62,67.15,1,Low Gas
2026-04-17T10:34:54.225008,2026-04-17,10:34:54,1.6189,0.0,3.5226,34.47,31.62,62.44,1,Low Gas
2026-04-17T10:34:56.764607,2026-04-17,10:34:56,1.6895,0.0,3.6736,32.91,31.62,58.25,1,Low Gas
2026-04-17T10:34:59.213266,2026-04-17,10:34:59,1.7107,0.0,3.7873,32.45,31.62,55.28,1,Low Gas
2026-04-17T10:35:01.678041,2026-04-17,10:35:01,1.8526,0.0,3.7873,29.56,31.62,55.28,1,Low Gas
2026-04-17T10:35:04.132354,2026-04-17,10:35:04,0.16,0.0,2.1216,90.01,31.62,119.03,1,Low Gas
2026-04-17T10:35:06.589653,2026-04-17,10:35:06,0.2922,0.0,1.4759,82.51,31.62,160.26,1,Low Gas
2026-04-17T10:35:09.038179,2026-04-17,10:35:09,0.3859,0.0,1.0423,77.58,31.62,195.68,1,Low Gas
2026-04-17T10:35:11.517469,2026-04-17,10:35:11,0.3363,0.0,1.2257,80.15,31.62,179.83,1,Low Gas
2026-04-17T10:35:13.954833,2026-04-17,10:35:13,0.27,0.0,0.8895,83.72,31.62,209.95,1,Low Gas
2026-04-17T10:35:16.170479,2026-04-17,10:35:16,0.3469,0.0,0.9217,79.59,31.62,206.85,1,Low Gas
2026-04-17T10:35:18.417818,2026-04-17,10:35:18,0.2808,0.0,1.1295,83.13,31.62,187.98,1,Low Gas
2026-04-17T10:35:20.943057,2026-04-17,10:35:20,0.3251,0.0,1.2283,80.74,31.62,179.61,1,Low Gas
2026-04-17T10:35:23.125456,2026-04-17,10:35:23,0.4543,0.0,1.0965,74.17,31.62,190.85,1,Low Gas
2026-04-17T10:35:25.385373,2026-04-17,10:35:25,0.4397,0.0,0.9019,74.88,31.62,208.75,1,Low Gas
2026-04-17T10:35:27.637713,2026-04-17,10:35:27,0.442,0.0,0.6394,74.77,31.62,235.57,1,Low Gas
2026-04-17T10:35:29.894195,2026-04-17,10:35:29,0.592,0.0,0.7484,67.74,31.62,224.03,1,Low Gas
2026-04-17T10:35:32.298700,2026-04-17,10:35:32,0.7167,0.0,1.0603,62.41,31.62,194.06,1,Low Gas
2026-04-17T10:35:34.603905,2026-04-17,10:35:34,0.8274,0.0,1.2296,58.02,31.62,179.51,1,Low Gas
2026-04-17T10:35:36.848587,2026-04-17,10:35:36,0.8226,0.0,1.3044,58.21,31.62,173.43,1,Low Gas
2026-04-17T10:35:39.126989,2026-04-17,10:35:39,0.8655,0.0,1.4841,56.59,31.62,159.65,1,Low Gas
2026-04-17T10:35:41.616731,2026-04-17,10:35:41,0.9262,0.0,1.7288,54.37,31.62,142.64,1,Low Gas
2026-04-17T10:35:43.808714,2026-04-17,10:35:43,0.9711,0.0,1.8863,52.79,31.62,132.66,1,Low Gas
2026-04-17T10:35:46.378764,2026-04-17,10:35:46,1.0327,0.0,1.9619,50.69,31.62,128.12,1,Low Gas
2026-04-17T10:35:49.113533,2026-04-17,10:35:49,1.1677,0.0,2.2117,46.38,31.62,114.2,1,Low Gas
2026-04-17T10:35:51.392049,2026-04-17,10:35:51,1.2664,0.0,2.4539,43.47,31.62,102.15,1,Low Gas
2026-04-17T10:35:53.979350,2026-04-17,10:35:53,1.3859,0.0,2.7517,40.18,31.62,89.06,1,Low Gas
2026-04-17T10:35:56.635718,2026-04-17,10:35:56,1.4924,0.0,3.1309,37.46,31.62,74.78,1,Low Gas
2026-04-17T10:35:58.941813,2026-04-17,10:35:58,1.5781,0.0,3.3987,35.41,31.62,66.11,1,Low Gas
2026-04-17T10:36:01.546658,2026-04-17,10:36:01,1.6261,0.0,3.6477,34.31,31.62,58.95,1,Low Gas
2026-04-17T10:36:04.288097,2026-04-17,10:36:04,1.6876,0.0,3.801,32.95,31.62,54.93,1,Low Gas
2026-04-17T10:36:06.516644,2026-04-17,10:36:06,1.7502,0.0,4.0561,31.62,31.62,48.84,1,Low Gas
2026-04-17T10:36:09.106882,2026-04-17,10:36:09,1.7563,0.0,4.2988,31.49,31.62,43.68,1,Low Gas
2026-04-17T10:36:11.369176,2026-04-17,10:36:11,1.7807,0.0,4.4207,30.99,31.62,41.29,1,Low Gas
2026-04-17T10:36:13.512481,2026-04-17,10:36:13,1.7973,0.0,4.5769,30.65,31.62,38.43,1,Low Gas
2026-04-17T10:36:15.705378,2026-04-17,10:36:15,1.8613,0.0,4.693,29.39,31.62,36.42,1,Low Gas
2026-04-17T10:36:17.850865,2026-04-17,10:36:17,1.8396,0.0,4.7835,29.81,31.62,34.94,1,Low Gas
2026-04-17T10:36:19.991580,2026-04-17,10:36:19,1.8526,0.0,4.8983,29.56,31.62,33.14,1,Low Gas
2026-04-17T10:36:22.425111,2026-04-17,10:36:22,1.857,0.0,5.1082,29.47,31.62,30.09,1,Low Gas
2026-04-17T10:36:24.677487,2026-04-17,10:36:24,1.8768,0.0,5.3097,29.09,31.62,27.42,1,Low Gas
2026-04-17T10:36:26.799749,2026-04-17,10:36:26,1.9379,0.0,5.3467,27.95,31.62,26.96,1,Low Gas
2026-04-17T10:36:28.980849,2026-04-17,10:36:28,1.931,0.0,5.4222,28.07,31.62,26.04,1,Low Gas
2026-04-17T10:36:31.728115,2026-04-17,10:36:31,1.9496,0.0,5.5521,27.73,31.62,24.52,1,Low Gas
2026-04-17T10:36:34.170768,2026-04-17,10:36:34,1.9851,0.0,5.6464,27.09,31.62,23.48,1,Low Gas
2026-04-17T10:36:36.432386,2026-04-17,10:36:36,2.0142,0.0,5.8005,26.58,31.62,21.87,1,Low Gas
2026-04-17T10:36:38.721287,2026-04-17,10:36:38,2.0215,0.0,5.8583,26.45,31.62,21.3,1,Low Gas
2026-04-17T10:36:41.125983,2026-04-17,10:36:41,2.0068,0.0,5.9024,26.71,31.62,20.87,1,Low Gas
2026-04-17T10:36:43.694515,2026-04-17,10:36:43,2.0142,0.0,6.0383,26.58,31.62,19.6,1,Low Gas
2026-04-17T10:36:46.558098,2026-04-17,10:36:46,2.0364,0.0,6.1005,26.19,31.62,19.05,1,Low Gas
2026-04-17T10:36:49.545085,2026-04-17,10:36:49,2.1026,0.0,6.3781,25.08,31.62,16.76,1,Low Gas
2026-04-17T10:36:52.056141,2026-04-17,10:36:52,2.0215,0.0,6.2284,26.45,31.62,17.96,1,Low Gas
2026-04-17T10:36:54.258996,2026-04-17,10:36:54,2.0068,0.0,6.1638,26.71,31.62,18.5,1,Low Gas
2026-04-17T10:36:56.744379,2026-04-17,10:36:56,2.024,0.0,6.3611,26.41,31.62,16.9,1,Low Gas
2026-04-17T10:36:59.213100,2026-04-17,10:36:59,2.0489,0.0,6.2611,25.98,31.62,17.69,1,Low Gas
2026-04-17T10:37:01.425695,2026-04-17,10:37:01,2.024,0.0,6.3951,26.41,31.62,16.63,1,Low Gas
2026-04-17T10:37:03.682506,2026-04-17,10:37:03,2.0742,0.0,6.4641,25.55,31.62,16.11,1,Low Gas
2026-04-17T10:37:06.388383,2026-04-17,10:37:06,2.0717,0.0083,6.6061,25.59,31.32,15.09,1,Low Gas
2026-04-17T10:37:08.572661,2026-04-17,10:37:08,2.0819,0.0069,6.5167,25.42,31.37,15.73,1,Low Gas
2026-04-17T10:37:11.211913,2026-04-17,10:37:11,2.0717,0.0069,6.6061,25.59,31.37,15.09,1,Low Gas
2026-04-17T10:37:13.504307,2026-04-17,10:37:13,2.0897,0.0219,6.6792,25.29,30.83,14.59,1,Low Gas
2026-04-17T10:37:15.745105,2026-04-17,10:37:15,2.1,0.0135,6.6977,25.12,31.14,14.47,1,Low Gas
2026-04-17T10:37:18.032007,2026-04-17,10:37:18,2.1026,0.0229,6.7727,25.08,30.8,13.98,1,Low Gas
2026-04-17T10:37:20.280915,2026-04-17,10:37:20,2.0768,0.0201,6.8108,25.51,30.9,13.74,1,Low Gas
2026-04-17T10:37:23.107268,2026-04-17,10:37:23,2.1079,0.0248,6.7917,24.99,30.73,13.86,1,Low Gas
2026-04-17T10:37:25.410354,2026-04-17,10:37:25,2.0871,0.0372,6.8881,25.33,30.3,13.26,1,Low Gas
2026-04-17T10:37:27.671227,2026-04-17,10:37:27,2.1131,0.0372,6.8881,24.9,30.3,13.26,1,Low Gas
2026-04-17T10:37:30.165289,2026-04-17,10:37:30,2.1263,0.0372,7.007,24.69,30.3,12.55,1,Low Gas
2026-04-17T10:37:32.929035,2026-04-17,10:37:32,2.1079,0.0401,7.109,24.99,30.2,11.97,1,Low Gas
2026-04-17T10:37:35.256000,2026-04-17,10:37:35,2.1026,0.0324,7.0884,25.08,30.47,12.09,1,Low Gas
2026-04-17T10:37:37.478533,2026-04-17,10:37:37,2.1157,0.0566,7.2137,24.86,29.63,11.41,1,Low Gas
2026-04-17T10:37:40.325087,2026-04-17,10:37:40,2.1026,0.0527,7.1926,25.08,29.76,11.52,1,Low Gas
2026-04-17T10:37:42.585699,2026-04-17,10:37:42,2.0948,0.0541,7.2779,25.2,29.71,11.08,1,Low Gas
2026-04-17T10:37:45.051172,2026-04-17,10:37:45,2.1052,0.0595,7.2996,25.03,29.53,10.97,1,Low Gas
2026-04-17T10:37:47.269947,2026-04-17,10:37:47,2.1289,0.06,7.3432,24.65,29.51,10.75,1,Low Gas
2026-04-17T10:37:49.914934,2026-04-17,10:37:49,2.1369,0.061,7.4095,24.52,29.48,10.43,1,Low Gas
2026-04-17T10:37:52.496088,2026-04-17,10:37:52,2.0974,0.0689,7.4543,25.16,29.21,10.21,1,Low Gas
2026-04-17T10:37:55.369205,2026-04-17,10:37:55,2.0948,0.0634,7.4996,25.2,29.4,10.0,1,Low Gas
2026-04-17T10:37:58.136782,2026-04-17,10:37:58,2.0871,0.0739,7.5918,25.33,29.05,9.59,1,Low Gas
2026-04-17T10:38:00.386002,2026-04-17,10:38:00,2.0897,0.0719,7.7581,25.29,29.11,8.88,1,Low Gas
2026-04-17T10:38:03.257702,2026-04-17,10:38:03,2.1026,0.0789,7.6151,25.08,28.88,9.48,1,Low Gas
2026-04-17T10:38:05.813582,2026-04-17,10:38:05,2.1396,0.0739,7.7099,24.47,29.05,9.08,1,Low Gas
2026-04-17T10:38:08.566989,2026-04-17,10:38:08,2.1289,0.0915,7.7099,24.65,28.46,9.08,1,Low Gas
2026-04-17T10:38:11.140341,2026-04-17,10:38:11,2.1157,0.0799,7.9312,24.86,28.85,8.2,1,Low Gas
2026-04-17T10:38:13.694222,2026-04-17,10:38:13,2.1639,0.0981,8.1116,24.09,28.25,7.55,1,Low Gas
2026-04-17T10:38:15.961842,2026-04-17,10:38:15,2.121,0.092,7.982,24.77,28.45,8.01,1,Low Gas
2026-04-17T10:38:18.490835,2026-04-17,10:38:18,2.1612,0.0864,8.0076,24.13,28.63,7.92,1,Low Gas
2026-04-17T10:38:20.914821,2026-04-17,10:38:20,2.1396,0.0991,8.1116,24.47,28.21,7.55,1,Low Gas
2026-04-17T10:38:23.117830,2026-04-17,10:38:23,2.1886,0.093,8.0854,23.7,28.41,7.64,1,Low Gas
2026-04-17T10:38:25.731485,2026-04-17,10:38:25,2.1721,0.1016,8.1116,23.96,28.13,7.55,1,Low Gas
2026-04-17T10:38:28.234966,2026-04-17,10:38:28,2.1557,0.1078,8.1116,24.21,27.93,7.55,1,Low Gas
2026-04-17T10:38:30.446417,2026-04-17,10:38:30,2.1775,0.1156,8.138,23.87,27.68,7.45,1,Low Gas
2026-04-17T10:38:33.105574,2026-04-17,10:38:33,2.2052,0.1171,8.2451,23.44,27.63,7.1,1,Low Gas
2026-04-17T10:38:35.759797,2026-04-17,10:38:35,2.2193,0.1099,8.1912,23.22,27.86,7.27,1,Low Gas
2026-04-17T10:38:38.070713,2026-04-17,10:38:38,2.2363,0.1229,8.2181,22.96,27.45,7.18,1,Low Gas
2026-04-17T10:38:40.570335,2026-04-17,10:38:40,2.1886,0.1094,8.3548,23.7,27.88,6.75,1,Low Gas
2026-04-17T10:38:43.034184,2026-04-17,10:38:43,2.2052,0.1218,8.3826,23.44,27.48,6.66,1,Low Gas
2026-04-17T10:38:45.233640,2026-04-17,10:38:45,2.2221,0.1271,8.4107,23.18,27.32,6.57,1,Low Gas
2026-04-17T10:38:47.747549,2026-04-17,10:38:47,2.2478,0.1345,8.4389,22.79,27.09,6.49,1,Low Gas
2026-04-17T10:38:50.199631,2026-04-17,10:38:50,2.2306,0.126,8.4672,23.05,27.35,6.41,1,Low Gas
2026-04-17T10:38:52.407717,2026-04-17,10:38:52,2.2306,0.1308,8.5245,23.05,27.2,6.24,1,Low Gas
2026-04-17T10:38:55.066014,2026-04-17,10:38:55,2.2025,0.1339,8.5245,23.48,27.1,6.24,1,Low Gas
2026-04-17T10:38:57.267759,2026-04-17,10:38:57,2.2652,0.1624,8.7007,22.53,26.23,5.75,1,Low Gas
2026-04-17T13:04:17.793718,2026-04-17,13:04:17,0.3992,0.0,0.2002,76.9,31.62,288.38,0,Clean Air
2026-04-17T13:04:20.506863,2026-04-17,13:04:20,0.4906,0.0,0.3153,72.42,31.62,273.49,0,Clean Air
2026-04-17T13:04:23.174939,2026-04-17,13:04:23,0.6039,0.0,0.4597,67.21,31.62,255.89,0,Clean Air
2026-04-17T13:04:25.412670,2026-04-17,13:04:25,0.7795,0.0,0.5299,59.88,31.62,247.76,0,Clean Air
2026-04-17T13:04:27.692492,2026-04-17,13:04:27,0.7526,0.0,0.5721,60.95,31.62,242.99,1,Low Gas
2026-04-17T13:04:30.189923,2026-04-17,13:04:30,0.7181,0.0,0.613,62.35,31.62,238.45,1,Low Gas
2026-04-17T13:04:32.808621,2026-04-17,13:04:32,0.9019,0.0,0.6908,55.25,31.62,230.06,1,Low Gas
2026-04-17T13:04:35.673151,2026-04-17,13:04:35,1.04,0.0,0.7821,50.45,31.62,220.59,1,Low Gas
2026-04-17T13:04:37.900029,2026-04-17,13:04:37,1.1078,0.0,0.8833,48.25,31.62,210.54,1,Low Gas
2026-04-17T13:04:40.802948,2026-04-17,13:04:40,1.1641,0.0,0.9619,46.49,31.62,203.05,1,Low Gas
2026-04-17T13:04:42.977327,2026-04-17,13:04:42,1.2065,0.0,0.9581,45.22,31.62,203.41,1,Low Gas
2026-04-17T13:04:45.625236,2026-04-17,13:04:45,1.1797,0.0,0.9912,46.02,31.62,200.34,1,Low Gas
2026-04-17T13:04:48.072759,2026-04-17,13:04:48,1.1606,0.0,1.0143,46.6,31.62,198.22,1,Low Gas
2026-04-17T13:04:50.372412,2026-04-17,13:04:50,1.1419,0.0,1.0799,47.18,31.62,192.32,1,Low Gas
2026-04-17T13:04:52.508436,2026-04-17,13:04:52,1.2278,0.0,1.2092,44.59,31.62,181.2,1,Low Gas
2026-04-17T13:04:54.844507,2026-04-17,13:04:54,1.2572,0.0,1.2743,43.73,31.62,175.85,1,Low Gas
2026-04-17T13:04:57.421393,2026-04-17,13:04:57,1.3583,0.0,1.3807,40.92,31.62,167.44,1,Low Gas
2026-04-17T13:04:59.750551,2026-04-17,13:04:59,1.5252,0.0065,1.5397,36.66,31.39,155.62,1,Low Gas
2026-04-17T13:05:02.074864,2026-04-17,13:05:02,1.701,0.0357,1.6889,32.66,30.35,145.29,1,Low Gas
2026-04-17T13:05:04.452543,2026-04-17,13:05:04,1.7283,0.0595,1.7471,32.08,29.53,141.44,1,Low Gas
2026-04-17T13:05:07.009262,2026-04-17,13:05:07,1.6933,0.0819,1.7146,32.82,28.78,143.57,1,Low Gas
2026-04-17T13:05:09.136271,2026-04-17,13:05:09,1.8439,0.1473,1.8478,29.73,26.69,135.03,1,Low Gas
2026-04-17T13:05:11.360688,2026-04-17,13:05:11,1.9426,0.1521,1.9002,27.86,26.54,131.82,1,Low Gas
2026-04-17T13:05:13.667702,2026-04-17,13:05:13,2.0845,0.204,2.014,25.38,25.0,125.08,1,Low Gas
2026-04-17T13:05:15.923273,2026-04-17,13:05:15,2.225,0.2599,2.1162,23.14,23.45,119.33,1,Low Gas
2026-04-17T13:05:18.790445,2026-04-17,13:05:18,2.2886,0.2409,2.2205,22.19,23.96,113.74,1,Low Gas
2026-04-17T13:05:21.047201,2026-04-17,13:05:21,2.3306,0.248,2.3454,21.58,23.77,107.38,1,Low Gas
2026-04-17T13:05:23.540406,2026-04-17,13:05:23,2.3367,0.2701,2.4102,21.5,23.17,104.22,1,Low Gas
2026-04-17T13:05:25.983836,2026-04-17,13:05:25,2.1941,0.2498,2.3581,23.61,23.72,106.75,1,Low Gas
2026-04-17T13:05:28.406373,2026-04-17,13:05:28,2.1721,0.2351,2.4235,23.96,24.12,103.58,1,Low Gas
2026-04-17T13:05:30.872786,2026-04-17,13:05:30,2.0974,0.204,2.3872,25.16,25.0,105.33,1,Low Gas
2026-04-17T13:05:33.326127,2026-04-17,13:05:33,2.1775,0.2409,2.4744,23.87,23.96,101.19,1,Low Gas
2026-04-17T13:05:35.637426,2026-04-17,13:05:35,2.2221,0.2798,2.5485,23.18,22.91,97.79,1,Low Gas
2026-04-17T13:05:37.775067,2026-04-17,13:05:37,2.3005,0.3207,2.5485,22.01,21.86,97.79,1,Low Gas
2026-04-17T13:05:40.092110,2026-04-17,13:05:40,2.3306,0.3456,2.5924,21.58,21.24,95.83,1,Low Gas
2026-04-17T13:05:42.359914,2026-04-17,13:05:42,2.2536,0.3417,2.6261,22.71,21.34,94.36,1,Low Gas
2026-04-17T13:05:44.590108,2026-04-17,13:05:44,2.2392,0.3501,2.5961,22.92,21.13,95.67,1,Low Gas
2026-04-17T13:05:46.992062,2026-04-17,13:05:46,2.2857,0.3691,2.6073,22.23,20.68,95.18,1,Low Gas
2026-04-17T13:05:49.681504,2026-04-17,13:05:49,2.2652,0.4093,2.7517,22.53,19.74,89.06,1,Low Gas
2026-04-17T13:05:51.797231,2026-04-17,13:05:51,2.271,0.4265,2.7763,22.45,19.35,88.05,1,Low Gas
2026-04-17T13:05:54.004217,2026-04-17,13:05:54,2.4116,0.4086,2.9091,20.46,19.75,82.83,1,Low Gas
2026-04-17T13:05:56.685385,2026-04-17,13:05:56,2.4802,0.4224,2.9863,19.56,19.44,79.93,1,Low Gas
2026-04-17T13:05:59.143552,2026-04-17,13:05:59,2.5906,0.4121,3.0524,18.19,19.68,77.54,1,Low Gas
2026-04-17T13:06:01.704301,2026-04-17,13:06:01,2.5906,0.4162,3.1309,18.19,19.58,74.78,1,Low Gas
2026-04-17T13:06:04.165496,2026-04-17,13:06:04,2.5906,0.4252,3.1714,18.19,19.38,73.4,1,Low Gas
2026-04-17T13:06:06.456385,2026-04-17,13:06:06,2.623,0.4391,3.2232,17.81,19.07,71.67,1,Low Gas
2026-04-17T13:06:08.736712,2026-04-17,13:06:08,2.5977,0.456,3.2927,18.11,18.71,69.42,1,Low Gas
2026-04-17T13:06:11.105949,2026-04-17,13:06:11,2.5693,0.4454,3.3256,18.45,18.94,68.37,1,Low Gas
2026-04-17T13:06:13.625151,2026-04-17,13:06:13,0.0042,0.0,0.6682,99.72,31.62,232.46,1,Low Gas
2026-04-17T13:06:16.591169,2026-04-17,13:06:16,0.0,0.0,0.0027,100.0,31.62,315.84,1,Low Gas
2026-04-17T13:06:19.144075,2026-04-17,13:06:19,0.2422,0.0,0.1703,85.27,31.62,292.37,1,Low Gas
2026-04-17T13:06:21.616242,2026-04-17,13:06:21,0.4397,0.0,0.2879,74.88,31.62,276.96,1,Low Gas
2026-04-17T13:06:23.976284,2026-04-17,13:06:23,0.6075,0.0,0.4416,67.05,31.62,258.04,1,Low Gas
2026-04-17T13:06:26.446587,2026-04-17,13:06:26,0.7,0.0,0.5847,63.09,31.62,241.58,1,Low Gas
2026-04-17T13:06:29.085324,2026-04-17,13:06:29,0.847,0.0,0.7602,57.28,31.62,222.82,1,Low Gas
2026-04-17T13:06:31.505825,2026-04-17,13:06:31,0.1443,0.0,0.0093,90.94,31.62,314.87,1,Low Gas
2026-04-17T13:06:34.032476,2026-04-17,13:06:34,0.0,0.0,0.0,100.0,31.62,316.23,1,Low Gas
2026-04-17T13:06:36.424629,2026-04-17,13:06:36,0.2491,0.0,0.0729,84.88,31.62,305.79,1,Low Gas
2026-04-17T13:06:38.699770,2026-04-17,13:06:38,0.5054,0.0,0.4645,71.71,31.62,255.33,1,Low Gas
2026-04-17T13:06:41.129921,2026-04-17,13:06:41,0.057,0.0,0.0,96.32,31.62,316.23,1,Low Gas
2026-04-17T13:06:43.588749,2026-04-17,13:06:43,0.1743,0.0,0.0,89.17,31.62,316.23,1,Low Gas
2026-04-17T13:06:45.727231,2026-04-17,13:06:45,0.4062,0.0,0.2034,76.55,31.62,287.96,1,Low Gas
2026-04-17T13:06:47.893874,2026-04-17,13:06:47,0.5487,0.0,0.4746,69.7,31.62,254.15,1,Low Gas
2026-04-17T13:06:50.199876,2026-04-17,13:06:50,0.6326,0.0,0.587,65.95,31.62,241.33,1,Low Gas
2026-04-17T13:06:52.338560,2026-04-17,13:06:52,0.8783,0.0,0.6902,56.11,31.62,230.13,1,Low Gas
2026-04-17T13:06:54.663874,2026-04-17,13:06:54,1.0473,0.0,0.7836,50.21,31.62,220.43,1,Low Gas
2026-04-17T13:06:56.897886,2026-04-17,13:06:56,1.0194,0.0018,0.7836,51.14,31.56,220.43,1,Low Gas
2026-04-17T13:06:59.360620,2026-04-17,13:06:59,1.3554,0.1414,0.9882,41.0,26.87,200.61,1,Low Gas
2026-04-17T13:07:01.832155,2026-04-17,13:07:01,1.6555,0.2409,1.1601,33.65,23.96,185.35,1,Low Gas
2026-04-17T13:07:04.087869,2026-04-17,13:07:04,1.8834,0.3044,1.3058,28.97,22.27,173.32,1,Low Gas
2026-04-17T13:07:06.241468,2026-04-17,13:07:06,2.0093,0.3302,1.4079,26.66,21.62,165.35,1,Low Gas
2026-04-17T13:07:08.394483,2026-04-17,13:07:08,2.2193,0.3797,1.5606,23.22,20.43,154.13,1,Low Gas
2026-04-17T13:07:10.585189,2026-04-17,13:07:10,2.3612,0.4121,1.6849,21.15,19.68,145.55,1,Low Gas
2026-04-17T13:07:13.078975,2026-04-17,13:07:13,2.4504,0.4504,1.7492,19.95,18.83,141.31,1,Low Gas
2026-04-17T13:08:37.734425,2026-04-17,13:08:37,3.0209,0.7398,4.1988,13.7,13.49,45.73,1,Low Gas
2026-04-17T13:08:40.164308,2026-04-17,13:08:40,2.9939,0.7389,4.2483,13.95,13.51,44.7,1,Low Gas
2026-04-17T13:08:42.813287,2026-04-17,13:08:42,3.0997,0.7633,4.4118,13.01,13.13,41.46,1,Low Gas
2026-04-17T13:08:45.279453,2026-04-17,13:08:45,3.1139,0.7633,4.4657,12.89,13.13,40.44,1,Low Gas
2026-04-17T13:08:47.577857,2026-04-17,13:08:47,3.0997,0.7533,4.5769,13.01,13.28,38.43,1,Low Gas
2026-04-17T13:08:50.015485,2026-04-17,13:08:50,3.0949,0.7533,4.5393,13.05,13.28,39.1,1,Low Gas
2026-04-17T13:08:52.604137,2026-04-17,13:08:52,3.0715,0.7733,4.6055,13.26,12.98,37.92,1,Low Gas
2026-04-17T13:08:55.260412,2026-04-17,13:08:55,3.0164,0.7533,4.6055,13.75,13.28,37.92,1,Low Gas
2026-04-17T13:08:58.138767,2026-04-17,13:08:58,2.9717,0.7283,4.4566,14.16,13.67,40.61,1,Low Gas
2026-04-17T13:09:00.589451,2026-04-17,13:09:00,0.2659,0.0,0.0,83.95,31.62,316.23,1,Low Gas
2026-04-17T13:09:02.721296,2026-04-17,13:09:02,0.3138,0.0,0.0,81.35,31.62,316.23,1,Low Gas
2026-04-17T13:09:04.859331,2026-04-17,13:09:04,0.4191,0.0,0.0,75.9,31.62,316.23,1,Low Gas
2026-04-17T13:09:07.397928,2026-04-17,13:09:07,0.3721,0.0,0.1097,78.29,31.62,300.65,1,Low Gas
2026-04-17T13:09:09.661987,2026-04-17,13:09:09,0.3149,0.0,0.442,81.29,31.62,257.98,1,Low Gas
2026-04-17T13:09:12.059718,2026-04-17,13:09:12,0.4727,0.0,0.6591,73.27,31.62,233.44,1,Low Gas
2026-04-17T13:09:14.316394,2026-04-17,13:09:14,0.6987,0.0,0.8755,63.15,31.62,211.3,1,Low Gas
2026-04-17T13:09:16.444279,2026-04-17,13:09:16,0.8529,0.0,1.0722,57.06,31.62,193.0,1,Low Gas
2026-04-17T13:09:19.127500,2026-04-17,13:09:19,0.6946,0.0,1.0998,63.32,31.62,190.56,1,Low Gas
2026-04-17T13:09:21.485830,2026-04-17,13:09:21,0.6764,0.0,1.126,64.08,31.62,188.28,1,Low Gas
2026-04-17T13:09:23.764912,2026-04-17,13:09:23,0.9225,0.0329,1.3283,54.5,30.45,171.53,1,Low Gas
2026-04-17T13:09:26.044655,2026-04-17,13:09:26,1.0792,0.0844,1.5294,49.17,28.7,156.36,1,Low Gas
2026-04-17T13:09:28.175616,2026-04-17,13:09:28,1.163,0.1575,1.5226,46.53,26.38,156.85,1,Low Gas
2026-05-04T08:25:11.823266,2026-05-04,08:25:11,4.5032,2.6308,21.5991,5.17,1.53,0.02,1,Low Gas
2026-05-04T08:25:14.383198,2026-05-04,08:25:14,4.4511,2.644,21.9399,5.35,1.51,0.01,1,Low Gas
2026-05-04T08:25:16.561113,2026-05-04,08:25:16,4.4857,2.6734,22.8393,5.23,1.46,0.01,1,Low Gas
2026-05-04T08:25:19.503252,2026-05-04,08:25:19,4.4944,2.6547,22.1143,5.2,1.49,0.01,1,Low Gas
2026-05-04T08:25:22.070889,2026-05-04,08:25:22,4.3665,2.6978,23.0278,5.66,1.42,0.01,1,Low Gas
2026-05-04T08:25:24.626227,2026-05-04,08:25:24,4.3089,2.6654,21.5991,5.87,1.47,0.02,1,Low Gas
2026-05-04T08:25:27.079991,2026-05-04,08:25:27,4.4339,2.6573,24.652,5.41,1.48,0.0,1,Low Gas
2026-05-04T08:25:29.477880,2026-05-04,08:25:29,4.3582,2.6842,22.8393,5.69,1.44,0.01,1,Low Gas
2026-05-04T08:25:31.998952,2026-05-04,08:25:31,4.4254,2.6815,23.4141,5.44,1.44,0.01,1,Low Gas
2026-05-04T08:25:34.440759,2026-05-04,08:25:34,4.4254,2.668,22.2913,5.44,1.47,0.01,1,Low Gas
2026-05-04T08:25:36.870195,2026-05-04,08:25:36,4.3916,2.7114,23.8131,5.56,1.39,0.01,1,Low Gas
2026-05-04T08:25:39.097270,2026-05-04,08:25:39,4.4339,2.7169,22.6538,5.41,1.39,0.01,1,Low Gas
2026-05-04T08:25:41.333244,2026-05-04,08:25:41,4.3832,2.6869,23.6119,5.59,1.43,0.01,1,Low Gas
2026-05-04T08:25:43.620192,2026-05-04,08:25:43,4.4425,2.6707,24.0175,5.38,1.46,0.0,1,Low Gas
2026-05-04T08:25:46.047277,2026-05-04,08:25:46,4.4,2.6761,23.0278,5.53,1.45,0.01,1,Low Gas
2026-05-04T08:25:48.391939,2026-05-04,08:25:48,4.3832,2.6734,23.8131,5.59,1.46,0.01,1,Low Gas
2026-05-04T08:25:50.785015,2026-05-04,08:25:50,4.4169,2.7114,25.5503,5.47,1.39,0.0,1,Low Gas
2026-05-04T08:25:53.148414,2026-05-04,08:25:53,4.3665,2.6896,23.4141,5.66,1.43,0.01,1,Low Gas
2026-05-04T08:25:55.531504,2026-05-04,08:25:55,4.4944,2.7251,22.4711,5.2,1.37,0.01,1,Low Gas
2026-05-04T08:25:57.999164,2026-05-04,08:25:57,4.4944,2.6896,24.0175,5.2,1.43,0.0,1,Low Gas
2026-05-04T08:26:00.452877,2026-05-04,08:26:00,4.4,2.7279,24.2255,5.53,1.37,0.0,1,Low Gas
2026-05-04T08:26:02.782754,2026-05-04,08:26:02,4.4425,2.7032,24.4369,5.38,1.41,0.0,1,Low Gas
2026-05-04T08:26:05.000135,2026-05-04,08:26:05,4.4944,2.7141,25.5503,5.2,1.39,0.0,1,Low Gas
2026-05-04T08:26:07.243125,2026-05-04,08:26:07,4.4683,2.7169,22.4711,5.29,1.39,0.01,1,Low Gas
2026-05-04T08:26:09.687440,2026-05-04,08:26:09,4.3582,2.6869,24.0175,5.69,1.43,0.0,1,Low Gas
2026-05-04T08:26:12.028645,2026-05-04,08:26:12,4.3665,2.7306,25.3198,5.66,1.36,0.0,1,Low Gas
2026-05-04T08:26:14.275051,2026-05-04,08:26:14,4.477,2.7169,24.8707,5.26,1.39,0.0,1,Low Gas
2026-05-04T08:26:16.949982,2026-05-04,08:26:16,4.3665,2.7224,23.8131,5.66,1.38,0.01,1,Low Gas
2026-05-04T08:26:19.347709,2026-05-04,08:26:19,4.4254,2.7224,24.652,5.44,1.38,0.0,1,Low Gas
2026-05-04T08:26:21.795942,2026-05-04,08:26:21,4.5474,2.7251,25.0933,5.02,1.37,0.0,1,Low Gas
2026-05-04T08:26:24.282795,2026-05-04,08:26:24,4.4683,2.6761,25.0933,5.29,1.45,0.0,1,Low Gas
2026-05-04T08:26:26.443334,2026-05-04,08:26:26,4.317,2.7087,23.8131,5.84,1.4,0.01,1,Low Gas
2026-05-04T08:26:28.875063,2026-05-04,08:26:28,4.477,2.7169,23.2194,5.26,1.39,0.01,1,Low Gas
2026-05-04T08:26:31.059159,2026-05-04,08:26:31,4.3252,2.7279,25.0933,5.81,1.37,0.0,1,Low Gas
2026-05-04T08:26:33.371731,2026-05-04,08:26:33,4.317,2.668,23.4141,5.84,1.47,0.01,1,Low Gas
2026-05-04T08:26:35.836001,2026-05-04,08:26:35,4.5385,2.7087,25.0933,5.05,1.4,0.0,1,Low Gas
2026-05-04T08:26:38.379373,2026-05-04,08:26:38,4.3582,2.7556,24.2255,5.69,1.32,0.0,1,Low Gas
2026-05-04T08:26:40.694966,2026-05-04,08:26:40,4.5474,2.7224,24.8707,5.02,1.38,0.0,1,Low Gas
2026-05-04T08:26:43.109645,2026-05-04,08:26:43,4.4339,2.7584,26.0237,5.41,1.32,0.0,1,Low Gas
2026-05-04T08:26:45.530042,2026-05-04,08:26:45,4.3916,2.7472,25.0933,5.56,1.34,0.0,1,Low Gas
2026-05-04T08:26:48.036059,2026-05-04,08:26:48,4.3416,2.7279,24.4369,5.75,1.37,0.0,1,Low Gas
2026-05-04T08:26:50.599114,2026-05-04,08:26:50,4.3582,2.7059,25.0933,5.69,1.4,0.0,1,Low Gas
2026-05-04T08:26:53.031586,2026-05-04,08:26:53,4.4339,2.7417,25.7849,5.41,1.35,0.0,1,Low Gas
2026-05-04T08:26:55.588401,2026-05-04,08:26:55,4.5653,2.7169,24.4369,4.96,1.39,0.0,1,Low Gas
2026-05-04T08:26:57.817499,2026-05-04,08:26:57,4.4339,2.7528,25.5503,5.41,1.33,0.0,1,Low Gas
2026-05-04T08:27:00.494179,2026-05-04,08:27:00,4.5032,2.7334,24.652,5.17,1.36,0.0,1,Low Gas
2026-05-04T08:27:02.721325,2026-05-04,08:27:02,4.4254,2.7169,25.3198,5.44,1.39,0.0,1,Low Gas
2026-05-04T08:27:04.966451,2026-05-04,08:27:04,4.5743,2.764,26.5145,4.93,1.31,0.0,1,Low Gas
2026-05-04T08:27:07.395276,2026-05-04,08:27:07,4.4425,2.7724,25.7849,5.38,1.3,0.0,1,Low Gas
2026-05-04T08:27:09.986139,2026-05-04,08:27:09,4.5923,2.7752,25.7849,4.87,1.3,0.0,1,Low Gas
2026-05-04T08:27:12.163781,2026-05-04,08:27:12,4.477,2.7752,24.8707,5.26,1.3,0.0,1,Low Gas
2026-05-04T08:27:14.615564,2026-05-04,08:27:14,4.5923,2.778,25.7849,4.87,1.29,0.0,1,Low Gas
2026-05-04T08:27:16.781732,2026-05-04,08:27:16,4.5833,2.7528,25.7849,4.9,1.33,0.0,1,Low Gas
2026-05-04T08:27:18.917218,2026-05-04,08:27:18,4.4944,2.7921,26.2669,5.2,1.27,0.0,1,Low Gas
2026-05-04T08:27:21.081866,2026-05-04,08:27:21,4.4857,2.7668,25.7849,5.23,1.31,0.0,1,Low Gas
2026-05-04T08:27:23.372061,2026-05-04,08:27:23,4.5923,2.812,27.5522,4.87,1.24,0.0,1,Low Gas
2026-05-04T08:27:25.986033,2026-05-04,08:27:25,4.4511,2.7808,26.5145,5.35,1.29,0.0,1,Low Gas
2026-05-04T08:27:28.282165,2026-05-04,08:27:28,4.4597,2.7865,26.2669,5.32,1.28,0.0,1,Low Gas
2026-05-04T08:27:30.567522,2026-05-04,08:27:30,4.6659,2.795,28.1013,4.64,1.27,0.0,1,Low Gas
2026-05-04T08:27:32.764305,2026-05-04,08:27:32,4.6014,2.835,25.5503,4.85,1.21,0.0,1,Low Gas
2026-05-04T08:27:35.394097,2026-05-04,08:27:35,4.4339,2.7893,25.7849,5.41,1.27,0.0,1,Low Gas
2026-05-04T08:27:37.711665,2026-05-04,08:27:37,4.4084,2.8035,27.5522,5.5,1.25,0.0,1,Low Gas
2026-05-04T08:27:40.111934,2026-05-04,08:27:40,4.4339,2.8553,25.7849,5.41,1.18,0.0,1,Low Gas
2026-05-04T08:27:42.285703,2026-05-04,08:27:42,4.477,2.8063,26.0237,5.26,1.25,0.0,1,Low Gas
2026-05-04T08:27:44.619266,2026-05-04,08:27:44,4.4254,2.8235,26.2669,5.44,1.23,0.0,1,Low Gas
2026-05-04T08:27:46.896706,2026-05-04,08:27:46,4.4683,2.7978,25.7849,5.29,1.26,0.0,1,Low Gas
2026-05-04T08:27:49.125446,2026-05-04,08:27:49,4.4084,2.812,25.7849,5.5,1.24,0.0,1,Low Gas
2026-05-04T08:27:51.424413,2026-05-04,08:27:51,4.4254,2.812,25.7849,5.44,1.24,0.0,1,Low Gas
2026-05-04T08:27:54.137785,2026-05-04,08:27:54,4.5923,2.8006,28.1013,4.87,1.26,0.0,1,Low Gas
2026-05-04T08:27:56.710624,2026-05-04,08:27:56,4.6014,2.812,28.3839,4.85,1.24,0.0,1,Low Gas
2026-05-04T08:27:58.992346,2026-05-04,08:27:58,4.5563,2.8437,26.0237,4.99,1.2,0.0,1,Low Gas
2026-05-04T08:28:01.204913,2026-05-04,08:28:01,4.6014,2.8524,26.5145,4.85,1.19,0.0,1,Low Gas
2026-05-04T08:28:03.760498,2026-05-04,08:28:03,4.6105,2.835,28.3839,4.82,1.21,0.0,1,Low Gas
2026-05-04T08:28:06.133033,2026-05-04,08:28:06,4.6473,2.8063,28.1013,4.7,1.25,0.0,1,Low Gas
2026-05-04T08:28:08.680753,2026-05-04,08:28:08,4.6014,0.0,27.2854,4.85,31.62,0.0,1,Low Gas
2026-05-04T08:28:11.147602,2026-05-04,08:28:11,4.4857,0.0,28.3839,5.23,31.62,0.0,1,Low Gas
2026-05-04T08:28:13.311107,2026-05-04,08:28:13,4.5032,0.2252,1.0423,5.17,24.4,195.68,0,Clean Air
2026-05-04T08:28:15.974934,2026-05-04,08:28:15,4.5653,0.4066,1.6,4.96,19.8,151.36,0,Clean Air
2026-05-04T08:28:18.465552,2026-05-04,08:28:18,4.3416,0.7416,2.6489,5.75,13.46,93.37,0,Clean Air
2026-05-04T08:28:20.720125,2026-05-04,08:28:20,4.4,0.9882,3.801,5.53,10.14,54.93,0,Clean Air
2026-05-04T08:28:23.034326,2026-05-04,08:28:23,4.3252,1.1511,4.7835,5.81,8.4,34.94,3,High Gas
2026-05-04T08:28:25.507093,2026-05-04,08:28:25,4.1512,1.2742,5.7436,6.52,7.29,22.45,1,Low Gas
2026-05-04T08:28:27.954637,2026-05-04,08:28:27,4.317,1.3936,6.6977,5.84,6.36,14.47,3,High Gas
2026-05-04T08:28:30.419702,2026-05-04,08:28:30,4.3089,1.4692,7.3432,5.87,5.83,10.75,3,High Gas
2026-05-04T08:28:32.691668,2026-05-04,08:28:32,4.2765,1.5575,8.4672,6.0,5.26,6.41,1,Low Gas
2026-05-04T08:28:35.058245,2026-05-04,08:28:35,4.4597,1.6328,8.9149,5.32,4.83,5.21,1,Low Gas
2026-05-04T08:28:37.359184,2026-05-04,08:28:37,4.317,1.6635,9.6929,5.84,4.66,3.64,1,Low Gas
2026-05-04T08:28:39.740408,2026-05-04,08:28:39,4.3416,1.7419,10.1908,5.75,4.26,2.9,1,Low Gas
2026-05-04T08:28:42.477511,2026-05-04,08:28:42,4.3089,1.7833,10.5643,5.87,4.06,2.44,1,Low Gas
2026-05-04T08:28:44.911260,2026-05-04,08:28:44,4.4339,1.8327,11.3445,5.41,3.83,1.7,1,Low Gas
2026-05-04T08:28:47.366895,2026-05-04,08:28:47,4.317,1.8799,12.0728,5.84,3.63,1.22,1,Low Gas
2026-05-04T08:28:49.914773,2026-05-04,08:28:49,4.3582,1.9301,12.7098,5.69,3.43,0.91,1,Low Gas
2026-05-04T08:28:52.717473,2026-05-04,08:28:52,4.4944,2.0031,13.5495,5.2,3.15,0.62,1,Low Gas
2026-05-04T08:28:54.991264,2026-05-04,08:28:54,4.4944,2.0288,14.1951,5.2,3.06,0.46,1,Low Gas
2026-05-04T08:28:57.441467,2026-05-04,08:28:57,4.4683,2.0729,14.6589,5.29,2.91,0.37,1,Low Gas
2026-05-04T08:28:59.844498,2026-05-04,08:28:59,4.3665,2.0447,14.6589,5.66,3.0,0.37,1,Low Gas
2026-05-04T08:29:02.623439,2026-05-04,08:29:02,4.4425,2.0851,15.1525,5.38,2.87,0.29,1,Low Gas
2026-05-04T08:29:05.352355,2026-05-04,08:29:05,4.4597,2.1452,15.8622,5.32,2.68,0.21,1,Low Gas
2026-05-04T08:29:07.648024,2026-05-04,08:29:07,4.5833,2.1537,16.1449,4.9,2.65,0.19,1,Low Gas
2026-05-04T08:29:10.162749,2026-05-04,08:29:10,4.5032,2.218,16.7403,5.17,2.46,0.14,1,Low Gas
2026-05-04T08:29:12.365429,2026-05-04,08:29:12,4.5296,2.2312,16.8437,5.08,2.42,0.14,1,Low Gas
2026-05-04T08:29:14.874724,2026-05-04,08:29:14,4.4,2.2356,16.6382,5.53,2.41,0.15,1,Low Gas
2026-05-04T08:29:17.081217,2026-05-04,08:29:17,4.4511,2.2444,17.7166,5.35,2.39,0.09,1,Low Gas
2026-05-04T08:29:19.571668,2026-05-04,08:29:19,4.5653,2.28,18.4305,4.96,2.29,0.07,1,Low Gas
2026-05-04T08:29:21.796642,2026-05-04,08:29:21,4.5032,2.2913,18.9379,5.17,2.26,0.05,1,Low Gas
2026-05-04T08:29:24.048642,2026-05-04,08:29:24,4.5833,2.3209,19.8938,4.9,2.19,0.03,1,Low Gas
2026-05-04T08:29:26.534558,2026-05-04,08:29:26,4.6197,2.3509,19.8938,4.79,2.11,0.03,1,Low Gas
2026-05-04T08:29:29.014338,2026-05-04,08:29:29,4.4683,2.3789,19.8938,5.29,2.04,0.03,1,Low Gas
2026-05-04T08:29:31.669202,2026-05-04,08:29:31,4.6014,2.3907,18.9379,4.85,2.02,0.05,1,Low Gas
2026-05-04T08:29:34.117895,2026-05-04,08:29:34,4.4339,2.4026,19.8938,5.41,1.99,0.03,1,Low Gas
2026-05-04T08:29:36.357539,2026-05-04,08:29:36,4.5923,2.3931,20.6355,4.87,2.01,0.02,1,Low Gas
2026-05-04T08:29:38.838579,2026-05-04,08:29:38,4.4944,2.405,19.8938,5.2,1.98,0.03,1,Low Gas
2026-05-04T08:29:41.706882,2026-05-04,08:29:41,4.6014,2.4507,20.038,4.85,1.88,0.03,1,Low Gas
2026-05-04T08:29:43.888663,2026-05-04,08:29:43,4.5923,2.4556,20.1842,4.87,1.87,0.03,1,Low Gas
2026-05-04T08:29:46.260102,2026-05-04,08:29:46,4.6014,2.4679,21.5991,4.85,1.85,0.02,1,Low Gas
2026-05-04T08:29:48.468871,2026-05-04,08:29:48,4.4511,2.4679,21.7682,5.35,1.85,0.01,1,Low Gas
2026-05-04T08:29:51.087967,2026-05-04,08:29:51,4.6381,2.4802,22.2913,4.73,1.82,0.01,1,Low Gas
2026-05-04T08:29:53.586317,2026-05-04,08:29:53,4.4339,2.4703,20.6355,5.41,1.84,0.02,1,Low Gas
2026-05-04T08:29:56.338812,2026-05-04,08:29:56,4.5923,2.515,21.1067,4.87,1.75,0.02,1,Low Gas
2026-05-04T08:29:58.666142,2026-05-04,08:29:58,4.5833,2.4975,21.9399,4.9,1.78,0.01,1,Low Gas
2026-05-04T08:30:01.254082,2026-05-04,08:30:01,4.6381,2.505,22.4711,4.73,1.77,0.01,1,Low Gas
2026-05-04T08:30:03.921451,2026-05-04,08:30:03,4.6473,2.5326,21.5991,4.7,1.71,0.02,1,Low Gas
2026-05-04T08:30:06.487664,2026-05-04,08:30:06,4.7319,2.5402,23.0278,4.45,1.7,0.01,1,Low Gas
2026-05-04T08:30:09.234427,2026-05-04,08:30:09,4.7034,2.6255,24.2255,4.53,1.54,0.0,1,Low Gas
2026-05-04T08:30:11.895596,2026-05-04,08:30:11,4.6473,2.576,23.4141,4.7,1.63,0.01,1,Low Gas
2026-05-04T08:30:14.236171,2026-05-04,08:30:14,4.694,2.5606,23.2194,4.56,1.66,0.01,1,Low Gas
2026-05-04T08:30:16.713031,2026-05-04,08:30:16,4.694,2.576,24.2255,4.56,1.63,0.0,1,Low Gas
2026-05-04T08:30:19.486385,2026-05-04,08:30:19,4.6105,2.5734,24.0175,4.82,1.63,0.0,1,Low Gas
2026-05-04T08:30:22.047024,2026-05-04,08:30:22,4.5385,2.6045,25.0933,5.05,1.58,0.0,1,Low Gas
2026-05-04T08:30:24.395668,2026-05-04,08:30:24,4.5923,2.5941,24.2255,4.87,1.6,0.0,1,Low Gas
2026-05-04T08:30:26.958874,2026-05-04,08:30:26,4.477,2.6124,25.5503,5.26,1.56,0.0,1,Low Gas
2026-05-04T08:30:29.425300,2026-05-04,08:30:29,4.6014,2.6467,23.4141,4.85,1.5,0.01,1,Low Gas
2026-05-04T08:30:31.859745,2026-05-04,08:30:31,4.7224,2.6467,25.3198,4.47,1.5,0.0,1,Low Gas
2026-05-04T08:30:34.282293,2026-05-04,08:30:34,4.5653,2.615,23.4141,4.96,1.56,0.01,1,Low Gas
2026-05-04T08:30:36.541726,2026-05-04,08:30:36,4.7511,2.644,25.5503,4.39,1.51,0.0,1,Low Gas
2026-05-04T08:30:38.801001,2026-05-04,08:30:38,4.7319,2.6654,24.0175,4.45,1.47,0.0,1,Low Gas
2026-05-04T08:30:41.290059,2026-05-04,08:30:41,4.5296,2.6869,26.2669,5.08,1.43,0.0,1,Low Gas
2026-05-04T08:30:43.745187,2026-05-04,08:30:43,4.6197,2.6627,24.2255,4.79,1.47,0.0,1,Low Gas
2026-05-04T08:30:45.986433,2026-05-04,08:30:45,4.6289,2.6734,24.2255,4.76,1.46,0.0,1,Low Gas
2026-05-04T08:30:48.211235,2026-05-04,08:30:48,4.6197,2.6923,25.5503,4.79,1.43,0.0,1,Low Gas
2026-05-04T08:30:50.618639,2026-05-04,08:30:50,4.5032,2.6978,23.8131,5.17,1.42,0.01,1,Low Gas
2026-05-04T08:30:52.917013,2026-05-04,08:30:52,4.4944,2.6654,24.652,5.2,1.47,0.0,1,Low Gas
2026-05-04T08:30:55.396912,2026-05-04,08:30:55,4.6566,2.668,25.7849,4.67,1.47,0.0,1,Low Gas
2026-05-04T08:30:57.837040,2026-05-04,08:30:57,4.5833,2.7114,25.5503,4.9,1.39,0.0,1,Low Gas
2026-05-04T08:31:00.337001,2026-05-04,08:31:00,4.7129,2.7005,24.4369,4.5,1.41,0.0,1,Low Gas
2026-05-04T08:31:02.553244,2026-05-04,08:31:02,4.5563,2.7141,25.3198,4.99,1.39,0.0,1,Low Gas
2026-05-04T08:31:05.041025,2026-05-04,08:31:05,4.6014,2.6627,26.2669,4.85,1.47,0.0,1,Low Gas
2026-05-04T08:31:07.252833,2026-05-04,08:31:07,4.6014,2.7032,24.4369,4.85,1.41,0.0,1,Low Gas
